file, time_ms
py-sudokus/Difficulty/0.05/Sudoku100_0.05,0.027264
py-sudokus/Difficulty/0.05/Sudoku10_0.05,0.032443
py-sudokus/Difficulty/0.05/Sudoku11_0.05,0.027913
py-sudokus/Difficulty/0.05/Sudoku12_0.05,0.028789
py-sudokus/Difficulty/0.05/Sudoku13_0.05,0.029868
py-sudokus/Difficulty/0.05/Sudoku14_0.05,0.028944
py-sudokus/Difficulty/0.05/Sudoku15_0.05,0.048218
py-sudokus/Difficulty/0.05/Sudoku16_0.05,0.044353
py-sudokus/Difficulty/0.05/Sudoku17_0.05,0.029625
py-sudokus/Difficulty/0.05/Sudoku18_0.05,0.045014
py-sudokus/Difficulty/0.05/Sudoku19_0.05,0.030687
py-sudokus/Difficulty/0.05/Sudoku1_0.05,0.022131
py-sudokus/Difficulty/0.05/Sudoku20_0.05,0.020912
py-sudokus/Difficulty/0.05/Sudoku21_0.05,0.021943
py-sudokus/Difficulty/0.05/Sudoku22_0.05,0.024649
py-sudokus/Difficulty/0.05/Sudoku23_0.05,0.020197
py-sudokus/Difficulty/0.05/Sudoku24_0.05,0.031351
py-sudokus/Difficulty/0.05/Sudoku25_0.05,0.020334
py-sudokus/Difficulty/0.05/Sudoku26_0.05,0.032278
py-sudokus/Difficulty/0.05/Sudoku27_0.05,0.022132
py-sudokus/Difficulty/0.05/Sudoku28_0.05,0.032067
py-sudokus/Difficulty/0.05/Sudoku29_0.05,0.032987
py-sudokus/Difficulty/0.05/Sudoku2_0.05,0.030454
py-sudokus/Difficulty/0.05/Sudoku30_0.05,0.022851
py-sudokus/Difficulty/0.05/Sudoku31_0.05,0.027574
py-sudokus/Difficulty/0.05/Sudoku32_0.05,0.030257
py-sudokus/Difficulty/0.05/Sudoku33_0.05,0.031331
py-sudokus/Difficulty/0.05/Sudoku34_0.05,0.032587
py-sudokus/Difficulty/0.05/Sudoku35_0.05,0.021284
py-sudokus/Difficulty/0.05/Sudoku36_0.05,0.035567
py-sudokus/Difficulty/0.05/Sudoku37_0.05,0.021582
py-sudokus/Difficulty/0.05/Sudoku38_0.05,0.060484
py-sudokus/Difficulty/0.05/Sudoku39_0.05,0.028799
py-sudokus/Difficulty/0.05/Sudoku3_0.05,0.027484
py-sudokus/Difficulty/0.05/Sudoku40_0.05,0.037097
py-sudokus/Difficulty/0.05/Sudoku41_0.05,0.028814
py-sudokus/Difficulty/0.05/Sudoku42_0.05,0.020316
py-sudokus/Difficulty/0.05/Sudoku43_0.05,0.033199
py-sudokus/Difficulty/0.05/Sudoku44_0.05,0.032217
py-sudokus/Difficulty/0.05/Sudoku45_0.05,0.032493
py-sudokus/Difficulty/0.05/Sudoku46_0.05,0.0311
py-sudokus/Difficulty/0.05/Sudoku47_0.05,0.021338
py-sudokus/Difficulty/0.05/Sudoku48_0.05,0.027882
py-sudokus/Difficulty/0.05/Sudoku49_0.05,0.030427
py-sudokus/Difficulty/0.05/Sudoku4_0.05,0.049069
py-sudokus/Difficulty/0.05/Sudoku50_0.05,0.020649
py-sudokus/Difficulty/0.05/Sudoku51_0.05,0.02898
py-sudokus/Difficulty/0.05/Sudoku52_0.05,0.021231
py-sudokus/Difficulty/0.05/Sudoku53_0.05,0.019308
py-sudokus/Difficulty/0.05/Sudoku54_0.05,0.020922
py-sudokus/Difficulty/0.05/Sudoku55_0.05,0.029376
py-sudokus/Difficulty/0.05/Sudoku56_0.05,0.027143
py-sudokus/Difficulty/0.05/Sudoku57_0.05,0.029425
py-sudokus/Difficulty/0.05/Sudoku58_0.05,0.028905
py-sudokus/Difficulty/0.05/Sudoku59_0.05,0.030308
py-sudokus/Difficulty/0.05/Sudoku5_0.05,0.034055
py-sudokus/Difficulty/0.05/Sudoku60_0.05,0.030006
py-sudokus/Difficulty/0.05/Sudoku61_0.05,0.028093
py-sudokus/Difficulty/0.05/Sudoku62_0.05,0.027218
py-sudokus/Difficulty/0.05/Sudoku63_0.05,0.021633
py-sudokus/Difficulty/0.05/Sudoku64_0.05,0.025
py-sudokus/Difficulty/0.05/Sudoku65_0.05,0.029525
py-sudokus/Difficulty/0.05/Sudoku66_0.05,0.021596
py-sudokus/Difficulty/0.05/Sudoku67_0.05,0.031693
py-sudokus/Difficulty/0.05/Sudoku68_0.05,0.023217
py-sudokus/Difficulty/0.05/Sudoku69_0.05,0.021056
py-sudokus/Difficulty/0.05/Sudoku6_0.05,0.020292
py-sudokus/Difficulty/0.05/Sudoku70_0.05,0.028395
py-sudokus/Difficulty/0.05/Sudoku71_0.05,0.042632
py-sudokus/Difficulty/0.05/Sudoku72_0.05,0.022013
py-sudokus/Difficulty/0.05/Sudoku73_0.05,0.022044
py-sudokus/Difficulty/0.05/Sudoku74_0.05,0.047471
py-sudokus/Difficulty/0.05/Sudoku75_0.05,0.031539
py-sudokus/Difficulty/0.05/Sudoku76_0.05,0.032367
py-sudokus/Difficulty/0.05/Sudoku77_0.05,0.03737
py-sudokus/Difficulty/0.05/Sudoku78_0.05,0.029976
py-sudokus/Difficulty/0.05/Sudoku79_0.05,0.034037
py-sudokus/Difficulty/0.05/Sudoku7_0.05,0.028932
py-sudokus/Difficulty/0.05/Sudoku80_0.05,0.031787
py-sudokus/Difficulty/0.05/Sudoku81_0.05,0.029702
py-sudokus/Difficulty/0.05/Sudoku82_0.05,0.023663
py-sudokus/Difficulty/0.05/Sudoku83_0.05,0.02031
py-sudokus/Difficulty/0.05/Sudoku84_0.05,0.02131
py-sudokus/Difficulty/0.05/Sudoku85_0.05,0.029772
py-sudokus/Difficulty/0.05/Sudoku86_0.05,0.021441
py-sudokus/Difficulty/0.05/Sudoku87_0.05,0.021166
py-sudokus/Difficulty/0.05/Sudoku88_0.05,0.02471
py-sudokus/Difficulty/0.05/Sudoku89_0.05,0.026525
py-sudokus/Difficulty/0.05/Sudoku8_0.05,0.029236
py-sudokus/Difficulty/0.05/Sudoku90_0.05,0.030869
py-sudokus/Difficulty/0.05/Sudoku91_0.05,0.032484
py-sudokus/Difficulty/0.05/Sudoku92_0.05,0.021674
py-sudokus/Difficulty/0.05/Sudoku93_0.05,0.031189
py-sudokus/Difficulty/0.05/Sudoku94_0.05,0.029014
py-sudokus/Difficulty/0.05/Sudoku95_0.05,0.057639
py-sudokus/Difficulty/0.05/Sudoku96_0.05,0.024178
py-sudokus/Difficulty/0.05/Sudoku97_0.05,0.021512
py-sudokus/Difficulty/0.05/Sudoku98_0.05,0.022533
py-sudokus/Difficulty/0.05/Sudoku99_0.05,0.027627
py-sudokus/Difficulty/0.05/Sudoku9_0.05,0.030102
py-sudokus/Difficulty/0.1/Sudoku100_0.1,0.033446
py-sudokus/Difficulty/0.1/Sudoku10_0.1,0.054567
py-sudokus/Difficulty/0.1/Sudoku11_0.1,0.045075
py-sudokus/Difficulty/0.1/Sudoku12_0.1,0.04164
py-sudokus/Difficulty/0.1/Sudoku13_0.1,0.02592
py-sudokus/Difficulty/0.1/Sudoku14_0.1,0.046927
py-sudokus/Difficulty/0.1/Sudoku15_0.1,0.02859
py-sudokus/Difficulty/0.1/Sudoku16_0.1,0.029651
py-sudokus/Difficulty/0.1/Sudoku17_0.1,0.058082
py-sudokus/Difficulty/0.1/Sudoku18_0.1,0.037177
py-sudokus/Difficulty/0.1/Sudoku19_0.1,0.027014
py-sudokus/Difficulty/0.1/Sudoku1_0.1,0.046353
py-sudokus/Difficulty/0.1/Sudoku20_0.1,0.028066
py-sudokus/Difficulty/0.1/Sudoku21_0.1,0.02964
py-sudokus/Difficulty/0.1/Sudoku22_0.1,0.042092
py-sudokus/Difficulty/0.1/Sudoku23_0.1,0.028036
py-sudokus/Difficulty/0.1/Sudoku24_0.1,0.029931
py-sudokus/Difficulty/0.1/Sudoku25_0.1,0.027266
py-sudokus/Difficulty/0.1/Sudoku26_0.1,0.042749
py-sudokus/Difficulty/0.1/Sudoku27_0.1,0.043872
py-sudokus/Difficulty/0.1/Sudoku28_0.1,0.027734
py-sudokus/Difficulty/0.1/Sudoku29_0.1,0.043175
py-sudokus/Difficulty/0.1/Sudoku2_0.1,0.041799
py-sudokus/Difficulty/0.1/Sudoku30_0.1,0.060514
py-sudokus/Difficulty/0.1/Sudoku31_0.1,0.025239
py-sudokus/Difficulty/0.1/Sudoku32_0.1,0.037387
py-sudokus/Difficulty/0.1/Sudoku33_0.1,0.027025
py-sudokus/Difficulty/0.1/Sudoku34_0.1,0.025779
py-sudokus/Difficulty/0.1/Sudoku35_0.1,0.035036
py-sudokus/Difficulty/0.1/Sudoku36_0.1,0.034489
py-sudokus/Difficulty/0.1/Sudoku37_0.1,0.046066
py-sudokus/Difficulty/0.1/Sudoku38_0.1,0.027039
py-sudokus/Difficulty/0.1/Sudoku39_0.1,0.029681
py-sudokus/Difficulty/0.1/Sudoku3_0.1,0.026351
py-sudokus/Difficulty/0.1/Sudoku40_0.1,0.029327
py-sudokus/Difficulty/0.1/Sudoku41_0.1,0.038203
py-sudokus/Difficulty/0.1/Sudoku42_0.1,0.040852
py-sudokus/Difficulty/0.1/Sudoku43_0.1,0.045345
py-sudokus/Difficulty/0.1/Sudoku44_0.1,0.027173
py-sudokus/Difficulty/0.1/Sudoku45_0.1,0.043833
py-sudokus/Difficulty/0.1/Sudoku46_0.1,0.028233
py-sudokus/Difficulty/0.1/Sudoku47_0.1,0.030962
py-sudokus/Difficulty/0.1/Sudoku48_0.1,0.025906
py-sudokus/Difficulty/0.1/Sudoku49_0.1,0.030229
py-sudokus/Difficulty/0.1/Sudoku4_0.1,0.052204
py-sudokus/Difficulty/0.1/Sudoku50_0.1,0.029971
py-sudokus/Difficulty/0.1/Sudoku51_0.1,0.033529
py-sudokus/Difficulty/0.1/Sudoku52_0.1,0.079593
py-sudokus/Difficulty/0.1/Sudoku53_0.1,0.024922
py-sudokus/Difficulty/0.1/Sudoku54_0.1,0.0293
py-sudokus/Difficulty/0.1/Sudoku55_0.1,0.043504
py-sudokus/Difficulty/0.1/Sudoku56_0.1,0.060311
py-sudokus/Difficulty/0.1/Sudoku57_0.1,0.026022
py-sudokus/Difficulty/0.1/Sudoku58_0.1,0.042611
py-sudokus/Difficulty/0.1/Sudoku59_0.1,0.026723
py-sudokus/Difficulty/0.1/Sudoku5_0.1,0.031091
py-sudokus/Difficulty/0.1/Sudoku60_0.1,0.030057
py-sudokus/Difficulty/0.1/Sudoku61_0.1,0.037609
py-sudokus/Difficulty/0.1/Sudoku62_0.1,0.026529
py-sudokus/Difficulty/0.1/Sudoku63_0.1,0.041366
py-sudokus/Difficulty/0.1/Sudoku64_0.1,0.029233
py-sudokus/Difficulty/0.1/Sudoku65_0.1,0.030303
py-sudokus/Difficulty/0.1/Sudoku66_0.1,0.039777
py-sudokus/Difficulty/0.1/Sudoku67_0.1,0.043177
py-sudokus/Difficulty/0.1/Sudoku68_0.1,0.031093
py-sudokus/Difficulty/0.1/Sudoku69_0.1,0.027462
py-sudokus/Difficulty/0.1/Sudoku6_0.1,0.048483
py-sudokus/Difficulty/0.1/Sudoku70_0.1,0.042557
py-sudokus/Difficulty/0.1/Sudoku71_0.1,0.045764
py-sudokus/Difficulty/0.1/Sudoku72_0.1,0.028151
py-sudokus/Difficulty/0.1/Sudoku73_0.1,0.040382
py-sudokus/Difficulty/0.1/Sudoku74_0.1,0.038318
py-sudokus/Difficulty/0.1/Sudoku75_0.1,0.044635
py-sudokus/Difficulty/0.1/Sudoku76_0.1,0.040213
py-sudokus/Difficulty/0.1/Sudoku77_0.1,0.034671
py-sudokus/Difficulty/0.1/Sudoku78_0.1,0.036494
py-sudokus/Difficulty/0.1/Sudoku79_0.1,0.026191
py-sudokus/Difficulty/0.1/Sudoku7_0.1,0.037796
py-sudokus/Difficulty/0.1/Sudoku80_0.1,0.026971
py-sudokus/Difficulty/0.1/Sudoku81_0.1,0.026627
py-sudokus/Difficulty/0.1/Sudoku82_0.1,0.027098
py-sudokus/Difficulty/0.1/Sudoku83_0.1,0.026873
py-sudokus/Difficulty/0.1/Sudoku84_0.1,0.027512
py-sudokus/Difficulty/0.1/Sudoku85_0.1,0.027802
py-sudokus/Difficulty/0.1/Sudoku86_0.1,0.026511
py-sudokus/Difficulty/0.1/Sudoku87_0.1,0.027833
py-sudokus/Difficulty/0.1/Sudoku88_0.1,0.039022
py-sudokus/Difficulty/0.1/Sudoku89_0.1,0.039731
py-sudokus/Difficulty/0.1/Sudoku8_0.1,0.039898
py-sudokus/Difficulty/0.1/Sudoku90_0.1,0.02713
py-sudokus/Difficulty/0.1/Sudoku91_0.1,0.046145
py-sudokus/Difficulty/0.1/Sudoku92_0.1,0.038432
py-sudokus/Difficulty/0.1/Sudoku93_0.1,0.028845
py-sudokus/Difficulty/0.1/Sudoku94_0.1,0.030662
py-sudokus/Difficulty/0.1/Sudoku95_0.1,0.041211
py-sudokus/Difficulty/0.1/Sudoku96_0.1,0.045346
py-sudokus/Difficulty/0.1/Sudoku97_0.1,0.041691
py-sudokus/Difficulty/0.1/Sudoku98_0.1,0.031227
py-sudokus/Difficulty/0.1/Sudoku99_0.1,0.041028
py-sudokus/Difficulty/0.1/Sudoku9_0.1,0.028591
py-sudokus/Difficulty/0.15/Sudoku100_0.15,0.054046
py-sudokus/Difficulty/0.15/Sudoku10_0.15,0.048709
py-sudokus/Difficulty/0.15/Sudoku11_0.15,0.056018
py-sudokus/Difficulty/0.15/Sudoku12_0.15,0.053946
py-sudokus/Difficulty/0.15/Sudoku13_0.15,0.049443
py-sudokus/Difficulty/0.15/Sudoku14_0.15,0.053615
py-sudokus/Difficulty/0.15/Sudoku15_0.15,0.059625
py-sudokus/Difficulty/0.15/Sudoku16_0.15,0.038772
py-sudokus/Difficulty/0.15/Sudoku17_0.15,0.033421
py-sudokus/Difficulty/0.15/Sudoku18_0.15,0.051764
py-sudokus/Difficulty/0.15/Sudoku19_0.15,0.050139
py-sudokus/Difficulty/0.15/Sudoku1_0.15,0.035566
py-sudokus/Difficulty/0.15/Sudoku20_0.15,0.046096
py-sudokus/Difficulty/0.15/Sudoku21_0.15,0.05655
py-sudokus/Difficulty/0.15/Sudoku22_0.15,0.067889
py-sudokus/Difficulty/0.15/Sudoku23_0.15,0.046661
py-sudokus/Difficulty/0.15/Sudoku24_0.15,0.047263
py-sudokus/Difficulty/0.15/Sudoku25_0.15,0.034662
py-sudokus/Difficulty/0.15/Sudoku26_0.15,0.035116
py-sudokus/Difficulty/0.15/Sudoku27_0.15,0.033613
py-sudokus/Difficulty/0.15/Sudoku28_0.15,0.033606
py-sudokus/Difficulty/0.15/Sudoku29_0.15,0.057073
py-sudokus/Difficulty/0.15/Sudoku2_0.15,0.035368
py-sudokus/Difficulty/0.15/Sudoku30_0.15,0.037372
py-sudokus/Difficulty/0.15/Sudoku31_0.15,0.035532
py-sudokus/Difficulty/0.15/Sudoku32_0.15,0.034452
py-sudokus/Difficulty/0.15/Sudoku33_0.15,0.05068
py-sudokus/Difficulty/0.15/Sudoku34_0.15,0.034707
py-sudokus/Difficulty/0.15/Sudoku35_0.15,0.034162
py-sudokus/Difficulty/0.15/Sudoku36_0.15,0.044913
py-sudokus/Difficulty/0.15/Sudoku37_0.15,0.054258
py-sudokus/Difficulty/0.15/Sudoku38_0.15,0.036314
py-sudokus/Difficulty/0.15/Sudoku39_0.15,0.044878
py-sudokus/Difficulty/0.15/Sudoku3_0.15,0.031224
py-sudokus/Difficulty/0.15/Sudoku40_0.15,0.059921
py-sudokus/Difficulty/0.15/Sudoku41_0.15,0.036412
py-sudokus/Difficulty/0.15/Sudoku42_0.15,0.034343
py-sudokus/Difficulty/0.15/Sudoku43_0.15,0.037036
py-sudokus/Difficulty/0.15/Sudoku44_0.15,0.064491
py-sudokus/Difficulty/0.15/Sudoku45_0.15,0.034478
py-sudokus/Difficulty/0.15/Sudoku46_0.15,0.035471
py-sudokus/Difficulty/0.15/Sudoku47_0.15,0.0442
py-sudokus/Difficulty/0.15/Sudoku48_0.15,0.034334
py-sudokus/Difficulty/0.15/Sudoku49_0.15,0.03521
py-sudokus/Difficulty/0.15/Sudoku4_0.15,0.051312
py-sudokus/Difficulty/0.15/Sudoku50_0.15,0.036183
py-sudokus/Difficulty/0.15/Sudoku51_0.15,0.036159
py-sudokus/Difficulty/0.15/Sudoku52_0.15,0.05252
py-sudokus/Difficulty/0.15/Sudoku53_0.15,0.047292
py-sudokus/Difficulty/0.15/Sudoku54_0.15,0.061029
py-sudokus/Difficulty/0.15/Sudoku55_0.15,0.098106
py-sudokus/Difficulty/0.15/Sudoku56_0.15,0.059872
py-sudokus/Difficulty/0.15/Sudoku57_0.15,0.037361
py-sudokus/Difficulty/0.15/Sudoku58_0.15,0.051273
py-sudokus/Difficulty/0.15/Sudoku59_0.15,0.04457
py-sudokus/Difficulty/0.15/Sudoku5_0.15,0.037344
py-sudokus/Difficulty/0.15/Sudoku60_0.15,0.035614
py-sudokus/Difficulty/0.15/Sudoku61_0.15,0.032635
py-sudokus/Difficulty/0.15/Sudoku62_0.15,0.054187
py-sudokus/Difficulty/0.15/Sudoku63_0.15,0.044129
py-sudokus/Difficulty/0.15/Sudoku64_0.15,0.06383
py-sudokus/Difficulty/0.15/Sudoku65_0.15,0.035591
py-sudokus/Difficulty/0.15/Sudoku66_0.15,0.05464
py-sudokus/Difficulty/0.15/Sudoku67_0.15,0.114292
py-sudokus/Difficulty/0.15/Sudoku68_0.15,0.036814
py-sudokus/Difficulty/0.15/Sudoku69_0.15,0.039966
py-sudokus/Difficulty/0.15/Sudoku6_0.15,0.046305
py-sudokus/Difficulty/0.15/Sudoku70_0.15,0.03462
py-sudokus/Difficulty/0.15/Sudoku71_0.15,0.044464
py-sudokus/Difficulty/0.15/Sudoku72_0.15,0.035794
py-sudokus/Difficulty/0.15/Sudoku73_0.15,0.036132
py-sudokus/Difficulty/0.15/Sudoku74_0.15,0.059149
py-sudokus/Difficulty/0.15/Sudoku75_0.15,0.035488
py-sudokus/Difficulty/0.15/Sudoku76_0.15,0.035883
py-sudokus/Difficulty/0.15/Sudoku77_0.15,0.041472
py-sudokus/Difficulty/0.15/Sudoku78_0.15,0.053251
py-sudokus/Difficulty/0.15/Sudoku79_0.15,0.043539
py-sudokus/Difficulty/0.15/Sudoku7_0.15,0.037255
py-sudokus/Difficulty/0.15/Sudoku80_0.15,0.036432
py-sudokus/Difficulty/0.15/Sudoku81_0.15,0.032383
py-sudokus/Difficulty/0.15/Sudoku82_0.15,0.037797
py-sudokus/Difficulty/0.15/Sudoku83_0.15,0.056176
py-sudokus/Difficulty/0.15/Sudoku84_0.15,0.044071
py-sudokus/Difficulty/0.15/Sudoku85_0.15,0.059838
py-sudokus/Difficulty/0.15/Sudoku86_0.15,0.052635
py-sudokus/Difficulty/0.15/Sudoku87_0.15,0.034171
py-sudokus/Difficulty/0.15/Sudoku88_0.15,0.048767
py-sudokus/Difficulty/0.15/Sudoku89_0.15,0.043248
py-sudokus/Difficulty/0.15/Sudoku8_0.15,0.055513
py-sudokus/Difficulty/0.15/Sudoku90_0.15,0.035406
py-sudokus/Difficulty/0.15/Sudoku91_0.15,0.035999
py-sudokus/Difficulty/0.15/Sudoku92_0.15,0.04471
py-sudokus/Difficulty/0.15/Sudoku93_0.15,0.035094
py-sudokus/Difficulty/0.15/Sudoku94_0.15,0.064232
py-sudokus/Difficulty/0.15/Sudoku95_0.15,0.034233
py-sudokus/Difficulty/0.15/Sudoku96_0.15,0.047031
py-sudokus/Difficulty/0.15/Sudoku97_0.15,0.063957
py-sudokus/Difficulty/0.15/Sudoku98_0.15,0.100586
py-sudokus/Difficulty/0.15/Sudoku99_0.15,0.040776
py-sudokus/Difficulty/0.15/Sudoku9_0.15,0.041671
py-sudokus/Difficulty/0.2/Sudoku100_0.2,0.0525
py-sudokus/Difficulty/0.2/Sudoku10_0.2,0.050443
py-sudokus/Difficulty/0.2/Sudoku11_0.2,0.040711
py-sudokus/Difficulty/0.2/Sudoku12_0.2,0.042512
py-sudokus/Difficulty/0.2/Sudoku13_0.2,0.060165
py-sudokus/Difficulty/0.2/Sudoku14_0.2,0.043985
py-sudokus/Difficulty/0.2/Sudoku15_0.2,0.070814
py-sudokus/Difficulty/0.2/Sudoku16_0.2,0.051352
py-sudokus/Difficulty/0.2/Sudoku17_0.2,0.050684
py-sudokus/Difficulty/0.2/Sudoku18_0.2,0.07322
py-sudokus/Difficulty/0.2/Sudoku19_0.2,0.043121
py-sudokus/Difficulty/0.2/Sudoku1_0.2,0.040753
py-sudokus/Difficulty/0.2/Sudoku20_0.2,0.06875
py-sudokus/Difficulty/0.2/Sudoku21_0.2,0.071664
py-sudokus/Difficulty/0.2/Sudoku22_0.2,0.047997
py-sudokus/Difficulty/0.2/Sudoku23_0.2,0.045128
py-sudokus/Difficulty/0.2/Sudoku24_0.2,0.042278
py-sudokus/Difficulty/0.2/Sudoku25_0.2,0.045432
py-sudokus/Difficulty/0.2/Sudoku26_0.2,0.067652
py-sudokus/Difficulty/0.2/Sudoku27_0.2,0.039615
py-sudokus/Difficulty/0.2/Sudoku28_0.2,0.062588
py-sudokus/Difficulty/0.2/Sudoku29_0.2,0.070414
py-sudokus/Difficulty/0.2/Sudoku2_0.2,0.07906
py-sudokus/Difficulty/0.2/Sudoku30_0.2,0.05737
py-sudokus/Difficulty/0.2/Sudoku31_0.2,0.064573
py-sudokus/Difficulty/0.2/Sudoku32_0.2,0.068067
py-sudokus/Difficulty/0.2/Sudoku33_0.2,0.052734
py-sudokus/Difficulty/0.2/Sudoku34_0.2,0.072522
py-sudokus/Difficulty/0.2/Sudoku35_0.2,0.065247
py-sudokus/Difficulty/0.2/Sudoku36_0.2,0.042702
py-sudokus/Difficulty/0.2/Sudoku37_0.2,0.08503
py-sudokus/Difficulty/0.2/Sudoku38_0.2,0.05061
py-sudokus/Difficulty/0.2/Sudoku39_0.2,0.041716
py-sudokus/Difficulty/0.2/Sudoku3_0.2,0.065455
py-sudokus/Difficulty/0.2/Sudoku40_0.2,0.072844
py-sudokus/Difficulty/0.2/Sudoku41_0.2,0.049445
py-sudokus/Difficulty/0.2/Sudoku42_0.2,0.042637
py-sudokus/Difficulty/0.2/Sudoku43_0.2,0.042468
py-sudokus/Difficulty/0.2/Sudoku44_0.2,0.044351
py-sudokus/Difficulty/0.2/Sudoku45_0.2,0.042215
py-sudokus/Difficulty/0.2/Sudoku46_0.2,0.043344
py-sudokus/Difficulty/0.2/Sudoku47_0.2,0.058216
py-sudokus/Difficulty/0.2/Sudoku48_0.2,0.041162
py-sudokus/Difficulty/0.2/Sudoku49_0.2,0.052377
py-sudokus/Difficulty/0.2/Sudoku4_0.2,0.043512
py-sudokus/Difficulty/0.2/Sudoku50_0.2,0.090734
py-sudokus/Difficulty/0.2/Sudoku51_0.2,0.050169
py-sudokus/Difficulty/0.2/Sudoku52_0.2,0.040793
py-sudokus/Difficulty/0.2/Sudoku53_0.2,0.043773
py-sudokus/Difficulty/0.2/Sudoku54_0.2,0.065633
py-sudokus/Difficulty/0.2/Sudoku55_0.2,0.042374
py-sudokus/Difficulty/0.2/Sudoku56_0.2,0.160043
py-sudokus/Difficulty/0.2/Sudoku57_0.2,0.042299
py-sudokus/Difficulty/0.2/Sudoku58_0.2,0.06788
py-sudokus/Difficulty/0.2/Sudoku59_0.2,0.040419
py-sudokus/Difficulty/0.2/Sudoku5_0.2,0.074843
py-sudokus/Difficulty/0.2/Sudoku60_0.2,0.064188
py-sudokus/Difficulty/0.2/Sudoku61_0.2,0.038392
py-sudokus/Difficulty/0.2/Sudoku62_0.2,0.054566
py-sudokus/Difficulty/0.2/Sudoku63_0.2,0.050644
py-sudokus/Difficulty/0.2/Sudoku64_0.2,0.041965
py-sudokus/Difficulty/0.2/Sudoku65_0.2,0.070734
py-sudokus/Difficulty/0.2/Sudoku66_0.2,0.071312
py-sudokus/Difficulty/0.2/Sudoku67_0.2,0.048691
py-sudokus/Difficulty/0.2/Sudoku68_0.2,0.06192
py-sudokus/Difficulty/0.2/Sudoku69_0.2,0.052082
py-sudokus/Difficulty/0.2/Sudoku6_0.2,0.068863
py-sudokus/Difficulty/0.2/Sudoku70_0.2,0.04397
py-sudokus/Difficulty/0.2/Sudoku71_0.2,0.057467
py-sudokus/Difficulty/0.2/Sudoku72_0.2,0.065561
py-sudokus/Difficulty/0.2/Sudoku73_0.2,0.046715
py-sudokus/Difficulty/0.2/Sudoku74_0.2,0.044586
py-sudokus/Difficulty/0.2/Sudoku75_0.2,0.043887
py-sudokus/Difficulty/0.2/Sudoku76_0.2,0.080823
py-sudokus/Difficulty/0.2/Sudoku77_0.2,0.070852
py-sudokus/Difficulty/0.2/Sudoku78_0.2,0.070922
py-sudokus/Difficulty/0.2/Sudoku79_0.2,0.064482
py-sudokus/Difficulty/0.2/Sudoku7_0.2,0.045855
py-sudokus/Difficulty/0.2/Sudoku80_0.2,0.07392
py-sudokus/Difficulty/0.2/Sudoku81_0.2,0.04464
py-sudokus/Difficulty/0.2/Sudoku82_0.2,0.04667
py-sudokus/Difficulty/0.2/Sudoku83_0.2,0.064236
py-sudokus/Difficulty/0.2/Sudoku84_0.2,0.047466
py-sudokus/Difficulty/0.2/Sudoku85_0.2,0.070012
py-sudokus/Difficulty/0.2/Sudoku86_0.2,0.041206
py-sudokus/Difficulty/0.2/Sudoku87_0.2,0.04098
py-sudokus/Difficulty/0.2/Sudoku88_0.2,0.059136
py-sudokus/Difficulty/0.2/Sudoku89_0.2,0.040399
py-sudokus/Difficulty/0.2/Sudoku8_0.2,0.041321
py-sudokus/Difficulty/0.2/Sudoku90_0.2,0.071571
py-sudokus/Difficulty/0.2/Sudoku91_0.2,0.069877
py-sudokus/Difficulty/0.2/Sudoku92_0.2,0.048171
py-sudokus/Difficulty/0.2/Sudoku93_0.2,0.042353
py-sudokus/Difficulty/0.2/Sudoku94_0.2,0.082023
py-sudokus/Difficulty/0.2/Sudoku95_0.2,0.042805
py-sudokus/Difficulty/0.2/Sudoku96_0.2,0.05423
py-sudokus/Difficulty/0.2/Sudoku97_0.2,0.066006
py-sudokus/Difficulty/0.2/Sudoku98_0.2,0.082302
py-sudokus/Difficulty/0.2/Sudoku99_0.2,0.060986
py-sudokus/Difficulty/0.2/Sudoku9_0.2,0.098632
py-sudokus/Difficulty/0.25/Sudoku100_0.25,0.089608
py-sudokus/Difficulty/0.25/Sudoku10_0.25,0.062833
py-sudokus/Difficulty/0.25/Sudoku11_0.25,0.047601
py-sudokus/Difficulty/0.25/Sudoku12_0.25,0.075582
py-sudokus/Difficulty/0.25/Sudoku13_0.25,0.046005
py-sudokus/Difficulty/0.25/Sudoku14_0.25,0.05426
py-sudokus/Difficulty/0.25/Sudoku15_0.25,0.074352
py-sudokus/Difficulty/0.25/Sudoku16_0.25,0.083427
py-sudokus/Difficulty/0.25/Sudoku17_0.25,0.070484
py-sudokus/Difficulty/0.25/Sudoku18_0.25,0.05043
py-sudokus/Difficulty/0.25/Sudoku19_0.25,0.054448
py-sudokus/Difficulty/0.25/Sudoku1_0.25,0.076996
py-sudokus/Difficulty/0.25/Sudoku20_0.25,0.085238
py-sudokus/Difficulty/0.25/Sudoku21_0.25,0.070161
py-sudokus/Difficulty/0.25/Sudoku22_0.25,0.073123
py-sudokus/Difficulty/0.25/Sudoku23_0.25,0.077574
py-sudokus/Difficulty/0.25/Sudoku24_0.25,0.047443
py-sudokus/Difficulty/0.25/Sudoku25_0.25,0.048305
py-sudokus/Difficulty/0.25/Sudoku26_0.25,0.050929
py-sudokus/Difficulty/0.25/Sudoku27_0.25,0.092537
py-sudokus/Difficulty/0.25/Sudoku28_0.25,0.092868
py-sudokus/Difficulty/0.25/Sudoku29_0.25,0.088533
py-sudokus/Difficulty/0.25/Sudoku2_0.25,0.078011
py-sudokus/Difficulty/0.25/Sudoku30_0.25,0.09225
py-sudokus/Difficulty/0.25/Sudoku31_0.25,0.076493
py-sudokus/Difficulty/0.25/Sudoku32_0.25,0.077623
py-sudokus/Difficulty/0.25/Sudoku33_0.25,0.058957
py-sudokus/Difficulty/0.25/Sudoku34_0.25,0.093379
py-sudokus/Difficulty/0.25/Sudoku35_0.25,0.08296
py-sudokus/Difficulty/0.25/Sudoku36_0.25,0.047993
py-sudokus/Difficulty/0.25/Sudoku37_0.25,0.117348
py-sudokus/Difficulty/0.25/Sudoku38_0.25,0.079047
py-sudokus/Difficulty/0.25/Sudoku39_0.25,0.095463
py-sudokus/Difficulty/0.25/Sudoku3_0.25,0.068927
py-sudokus/Difficulty/0.25/Sudoku40_0.25,0.05156
py-sudokus/Difficulty/0.25/Sudoku41_0.25,0.080176
py-sudokus/Difficulty/0.25/Sudoku42_0.25,0.051703
py-sudokus/Difficulty/0.25/Sudoku43_0.25,0.051104
py-sudokus/Difficulty/0.25/Sudoku44_0.25,0.096505
py-sudokus/Difficulty/0.25/Sudoku45_0.25,0.087064
py-sudokus/Difficulty/0.25/Sudoku46_0.25,0.091385
py-sudokus/Difficulty/0.25/Sudoku47_0.25,0.064268
py-sudokus/Difficulty/0.25/Sudoku48_0.25,0.055939
py-sudokus/Difficulty/0.25/Sudoku49_0.25,0.050068
py-sudokus/Difficulty/0.25/Sudoku4_0.25,0.085286
py-sudokus/Difficulty/0.25/Sudoku50_0.25,0.052226
py-sudokus/Difficulty/0.25/Sudoku51_0.25,0.061158
py-sudokus/Difficulty/0.25/Sudoku52_0.25,0.090072
py-sudokus/Difficulty/0.25/Sudoku53_0.25,0.051549
py-sudokus/Difficulty/0.25/Sudoku54_0.25,0.053393
py-sudokus/Difficulty/0.25/Sudoku55_0.25,0.051086
py-sudokus/Difficulty/0.25/Sudoku56_0.25,0.056749
py-sudokus/Difficulty/0.25/Sudoku57_0.25,0.048393
py-sudokus/Difficulty/0.25/Sudoku58_0.25,0.100909
py-sudokus/Difficulty/0.25/Sudoku59_0.25,0.077048
py-sudokus/Difficulty/0.25/Sudoku5_0.25,0.199526
py-sudokus/Difficulty/0.25/Sudoku60_0.25,0.047207
py-sudokus/Difficulty/0.25/Sudoku61_0.25,0.076627
py-sudokus/Difficulty/0.25/Sudoku62_0.25,0.047688
py-sudokus/Difficulty/0.25/Sudoku63_0.25,0.051922
py-sudokus/Difficulty/0.25/Sudoku64_0.25,0.048435
py-sudokus/Difficulty/0.25/Sudoku65_0.25,0.091367
py-sudokus/Difficulty/0.25/Sudoku66_0.25,0.056863
py-sudokus/Difficulty/0.25/Sudoku67_0.25,0.04894
py-sudokus/Difficulty/0.25/Sudoku68_0.25,0.081945
py-sudokus/Difficulty/0.25/Sudoku69_0.25,0.069036
py-sudokus/Difficulty/0.25/Sudoku6_0.25,0.114848
py-sudokus/Difficulty/0.25/Sudoku70_0.25,0.077317
py-sudokus/Difficulty/0.25/Sudoku71_0.25,0.079075
py-sudokus/Difficulty/0.25/Sudoku72_0.25,0.046594
py-sudokus/Difficulty/0.25/Sudoku73_0.25,0.055224
py-sudokus/Difficulty/0.25/Sudoku74_0.25,0.067299
py-sudokus/Difficulty/0.25/Sudoku75_0.25,0.049944
py-sudokus/Difficulty/0.25/Sudoku76_0.25,0.057406
py-sudokus/Difficulty/0.25/Sudoku77_0.25,0.089762
py-sudokus/Difficulty/0.25/Sudoku78_0.25,0.053282
py-sudokus/Difficulty/0.25/Sudoku79_0.25,0.049854
py-sudokus/Difficulty/0.25/Sudoku7_0.25,0.120878
py-sudokus/Difficulty/0.25/Sudoku80_0.25,0.088204
py-sudokus/Difficulty/0.25/Sudoku81_0.25,0.07589
py-sudokus/Difficulty/0.25/Sudoku82_0.25,0.077469
py-sudokus/Difficulty/0.25/Sudoku83_0.25,0.052636
py-sudokus/Difficulty/0.25/Sudoku84_0.25,0.047652
py-sudokus/Difficulty/0.25/Sudoku85_0.25,0.053163
py-sudokus/Difficulty/0.25/Sudoku86_0.25,0.047772
py-sudokus/Difficulty/0.25/Sudoku87_0.25,0.047022
py-sudokus/Difficulty/0.25/Sudoku88_0.25,0.044361
py-sudokus/Difficulty/0.25/Sudoku89_0.25,0.047527
py-sudokus/Difficulty/0.25/Sudoku8_0.25,0.047758
py-sudokus/Difficulty/0.25/Sudoku90_0.25,0.076418
py-sudokus/Difficulty/0.25/Sudoku91_0.25,0.079281
py-sudokus/Difficulty/0.25/Sudoku92_0.25,0.064227
py-sudokus/Difficulty/0.25/Sudoku93_0.25,0.086108
py-sudokus/Difficulty/0.25/Sudoku94_0.25,0.079338
py-sudokus/Difficulty/0.25/Sudoku95_0.25,0.05857
py-sudokus/Difficulty/0.25/Sudoku96_0.25,0.048183
py-sudokus/Difficulty/0.25/Sudoku97_0.25,0.049461
py-sudokus/Difficulty/0.25/Sudoku98_0.25,0.04954
py-sudokus/Difficulty/0.25/Sudoku99_0.25,0.168507
py-sudokus/Difficulty/0.25/Sudoku9_0.25,0.090499
py-sudokus/Difficulty/0.3/Sudoku100_0.3,0.064604
py-sudokus/Difficulty/0.3/Sudoku10_0.3,0.133371
py-sudokus/Difficulty/0.3/Sudoku11_0.3,0.057576
py-sudokus/Difficulty/0.3/Sudoku12_0.3,0.061149
py-sudokus/Difficulty/0.3/Sudoku13_0.3,0.052647
py-sudokus/Difficulty/0.3/Sudoku14_0.3,0.062182
py-sudokus/Difficulty/0.3/Sudoku15_0.3,0.090273
py-sudokus/Difficulty/0.3/Sudoku16_0.3,0.058042
py-sudokus/Difficulty/0.3/Sudoku17_0.3,0.054612
py-sudokus/Difficulty/0.3/Sudoku18_0.3,0.056793
py-sudokus/Difficulty/0.3/Sudoku19_0.3,0.08116
py-sudokus/Difficulty/0.3/Sudoku1_0.3,0.056064
py-sudokus/Difficulty/0.3/Sudoku20_0.3,0.062997
py-sudokus/Difficulty/0.3/Sudoku21_0.3,0.065319
py-sudokus/Difficulty/0.3/Sudoku22_0.3,0.072636
py-sudokus/Difficulty/0.3/Sudoku23_0.3,0.116414
py-sudokus/Difficulty/0.3/Sudoku24_0.3,0.083275
py-sudokus/Difficulty/0.3/Sudoku25_0.3,0.061804
py-sudokus/Difficulty/0.3/Sudoku26_0.3,0.056483
py-sudokus/Difficulty/0.3/Sudoku27_0.3,0.118999
py-sudokus/Difficulty/0.3/Sudoku28_0.3,0.064155
py-sudokus/Difficulty/0.3/Sudoku29_0.3,0.060069
py-sudokus/Difficulty/0.3/Sudoku2_0.3,0.123872
py-sudokus/Difficulty/0.3/Sudoku30_0.3,0.111372
py-sudokus/Difficulty/0.3/Sudoku31_0.3,0.059798
py-sudokus/Difficulty/0.3/Sudoku32_0.3,0.251599
py-sudokus/Difficulty/0.3/Sudoku33_0.3,0.066024
py-sudokus/Difficulty/0.3/Sudoku34_0.3,0.056317
py-sudokus/Difficulty/0.3/Sudoku35_0.3,0.09046
py-sudokus/Difficulty/0.3/Sudoku36_0.3,0.060159
py-sudokus/Difficulty/0.3/Sudoku37_0.3,0.060476
py-sudokus/Difficulty/0.3/Sudoku38_0.3,0.098232
py-sudokus/Difficulty/0.3/Sudoku39_0.3,0.063623
py-sudokus/Difficulty/0.3/Sudoku3_0.3,0.088872
py-sudokus/Difficulty/0.3/Sudoku40_0.3,0.092783
py-sudokus/Difficulty/0.3/Sudoku41_0.3,0.055919
py-sudokus/Difficulty/0.3/Sudoku42_0.3,0.059781
py-sudokus/Difficulty/0.3/Sudoku43_0.3,0.077006
py-sudokus/Difficulty/0.3/Sudoku44_0.3,0.084326
py-sudokus/Difficulty/0.3/Sudoku45_0.3,0.055034
py-sudokus/Difficulty/0.3/Sudoku46_0.3,0.060247
py-sudokus/Difficulty/0.3/Sudoku47_0.3,0.062298
py-sudokus/Difficulty/0.3/Sudoku48_0.3,0.061045
py-sudokus/Difficulty/0.3/Sudoku49_0.3,0.058274
py-sudokus/Difficulty/0.3/Sudoku4_0.3,0.063
py-sudokus/Difficulty/0.3/Sudoku50_0.3,0.207466
py-sudokus/Difficulty/0.3/Sudoku51_0.3,0.070148
py-sudokus/Difficulty/0.3/Sudoku52_0.3,0.096448
py-sudokus/Difficulty/0.3/Sudoku53_0.3,0.099494
py-sudokus/Difficulty/0.3/Sudoku54_0.3,0.0659
py-sudokus/Difficulty/0.3/Sudoku55_0.3,0.059462
py-sudokus/Difficulty/0.3/Sudoku56_0.3,0.07227
py-sudokus/Difficulty/0.3/Sudoku57_0.3,0.071816
py-sudokus/Difficulty/0.3/Sudoku58_0.3,0.143731
py-sudokus/Difficulty/0.3/Sudoku59_0.3,0.088035
py-sudokus/Difficulty/0.3/Sudoku5_0.3,0.059081
py-sudokus/Difficulty/0.3/Sudoku60_0.3,0.096929
py-sudokus/Difficulty/0.3/Sudoku61_0.3,0.057574
py-sudokus/Difficulty/0.3/Sudoku62_0.3,0.07082
py-sudokus/Difficulty/0.3/Sudoku63_0.3,0.064978
py-sudokus/Difficulty/0.3/Sudoku64_0.3,0.078738
py-sudokus/Difficulty/0.3/Sudoku65_0.3,0.10407
py-sudokus/Difficulty/0.3/Sudoku66_0.3,0.072761
py-sudokus/Difficulty/0.3/Sudoku67_0.3,0.059995
py-sudokus/Difficulty/0.3/Sudoku68_0.3,0.056527
py-sudokus/Difficulty/0.3/Sudoku69_0.3,0.078627
py-sudokus/Difficulty/0.3/Sudoku6_0.3,0.059721
py-sudokus/Difficulty/0.3/Sudoku70_0.3,0.056417
py-sudokus/Difficulty/0.3/Sudoku71_0.3,0.074951
py-sudokus/Difficulty/0.3/Sudoku72_0.3,0.086066
py-sudokus/Difficulty/0.3/Sudoku73_0.3,0.061106
py-sudokus/Difficulty/0.3/Sudoku74_0.3,0.063424
py-sudokus/Difficulty/0.3/Sudoku75_0.3,0.057518
py-sudokus/Difficulty/0.3/Sudoku76_0.3,0.067592
py-sudokus/Difficulty/0.3/Sudoku77_0.3,0.059678
py-sudokus/Difficulty/0.3/Sudoku78_0.3,0.055013
py-sudokus/Difficulty/0.3/Sudoku79_0.3,0.058656
py-sudokus/Difficulty/0.3/Sudoku7_0.3,0.095952
py-sudokus/Difficulty/0.3/Sudoku80_0.3,0.074726
py-sudokus/Difficulty/0.3/Sudoku81_0.3,0.073278
py-sudokus/Difficulty/0.3/Sudoku82_0.3,0.076448
py-sudokus/Difficulty/0.3/Sudoku83_0.3,0.107847
py-sudokus/Difficulty/0.3/Sudoku84_0.3,0.059787
py-sudokus/Difficulty/0.3/Sudoku85_0.3,0.09773
py-sudokus/Difficulty/0.3/Sudoku86_0.3,0.054225
py-sudokus/Difficulty/0.3/Sudoku87_0.3,0.088343
py-sudokus/Difficulty/0.3/Sudoku88_0.3,0.053972
py-sudokus/Difficulty/0.3/Sudoku89_0.3,0.055121
py-sudokus/Difficulty/0.3/Sudoku8_0.3,0.055758
py-sudokus/Difficulty/0.3/Sudoku90_0.3,0.098693
py-sudokus/Difficulty/0.3/Sudoku91_0.3,0.097682
py-sudokus/Difficulty/0.3/Sudoku92_0.3,0.056796
py-sudokus/Difficulty/0.3/Sudoku93_0.3,0.071736
py-sudokus/Difficulty/0.3/Sudoku94_0.3,0.093607
py-sudokus/Difficulty/0.3/Sudoku95_0.3,0.077827
py-sudokus/Difficulty/0.3/Sudoku96_0.3,0.075909
py-sudokus/Difficulty/0.3/Sudoku97_0.3,0.056453
py-sudokus/Difficulty/0.3/Sudoku98_0.3,0.056083
py-sudokus/Difficulty/0.3/Sudoku99_0.3,0.052757
py-sudokus/Difficulty/0.3/Sudoku9_0.3,0.081522
py-sudokus/Difficulty/0.35/Sudoku100_0.35,0.089569
py-sudokus/Difficulty/0.35/Sudoku10_0.35,0.086475
py-sudokus/Difficulty/0.35/Sudoku11_0.35,0.075356
py-sudokus/Difficulty/0.35/Sudoku12_0.35,0.064683
py-sudokus/Difficulty/0.35/Sudoku13_0.35,0.060517
py-sudokus/Difficulty/0.35/Sudoku14_0.35,0.06706
py-sudokus/Difficulty/0.35/Sudoku15_0.35,0.1065
py-sudokus/Difficulty/0.35/Sudoku16_0.35,0.067752
py-sudokus/Difficulty/0.35/Sudoku17_0.35,0.068607
py-sudokus/Difficulty/0.35/Sudoku18_0.35,0.084423
py-sudokus/Difficulty/0.35/Sudoku19_0.35,0.109299
py-sudokus/Difficulty/0.35/Sudoku1_0.35,0.07164
py-sudokus/Difficulty/0.35/Sudoku20_0.35,0.251067
py-sudokus/Difficulty/0.35/Sudoku21_0.35,0.071928
py-sudokus/Difficulty/0.35/Sudoku22_0.35,0.070433
py-sudokus/Difficulty/0.35/Sudoku23_0.35,0.07569
py-sudokus/Difficulty/0.35/Sudoku24_0.35,0.169406
py-sudokus/Difficulty/0.35/Sudoku25_0.35,0.103655
py-sudokus/Difficulty/0.35/Sudoku26_0.35,0.080822
py-sudokus/Difficulty/0.35/Sudoku27_0.35,0.19491
py-sudokus/Difficulty/0.35/Sudoku28_0.35,0.09026
py-sudokus/Difficulty/0.35/Sudoku29_0.35,0.153296
py-sudokus/Difficulty/0.35/Sudoku2_0.35,0.104859
py-sudokus/Difficulty/0.35/Sudoku30_0.35,0.13435
py-sudokus/Difficulty/0.35/Sudoku31_0.35,0.073704
py-sudokus/Difficulty/0.35/Sudoku32_0.35,0.079783
py-sudokus/Difficulty/0.35/Sudoku33_0.35,0.079384
py-sudokus/Difficulty/0.35/Sudoku34_0.35,0.065907
py-sudokus/Difficulty/0.35/Sudoku35_0.35,0.19938
py-sudokus/Difficulty/0.35/Sudoku36_0.35,0.078352
py-sudokus/Difficulty/0.35/Sudoku37_0.35,0.151035
py-sudokus/Difficulty/0.35/Sudoku38_0.35,0.128037
py-sudokus/Difficulty/0.35/Sudoku39_0.35,0.072825
py-sudokus/Difficulty/0.35/Sudoku3_0.35,0.111137
py-sudokus/Difficulty/0.35/Sudoku40_0.35,0.110631
py-sudokus/Difficulty/0.35/Sudoku41_0.35,0.070231
py-sudokus/Difficulty/0.35/Sudoku42_0.35,0.066508
py-sudokus/Difficulty/0.35/Sudoku43_0.35,0.066116
py-sudokus/Difficulty/0.35/Sudoku44_0.35,0.074955
py-sudokus/Difficulty/0.35/Sudoku45_0.35,0.064595
py-sudokus/Difficulty/0.35/Sudoku46_0.35,0.070676
py-sudokus/Difficulty/0.35/Sudoku47_0.35,0.06791
py-sudokus/Difficulty/0.35/Sudoku48_0.35,0.077889
py-sudokus/Difficulty/0.35/Sudoku49_0.35,0.073824
py-sudokus/Difficulty/0.35/Sudoku4_0.35,0.066774
py-sudokus/Difficulty/0.35/Sudoku50_0.35,0.252793
py-sudokus/Difficulty/0.35/Sudoku51_0.35,0.125796
py-sudokus/Difficulty/0.35/Sudoku52_0.35,0.105128
py-sudokus/Difficulty/0.35/Sudoku53_0.35,0.179161
py-sudokus/Difficulty/0.35/Sudoku54_0.35,0.158565
py-sudokus/Difficulty/0.35/Sudoku55_0.35,0.07753
py-sudokus/Difficulty/0.35/Sudoku56_0.35,0.093469
py-sudokus/Difficulty/0.35/Sudoku57_0.35,0.063511
py-sudokus/Difficulty/0.35/Sudoku58_0.35,0.124758
py-sudokus/Difficulty/0.35/Sudoku59_0.35,0.093713
py-sudokus/Difficulty/0.35/Sudoku5_0.35,0.096877
py-sudokus/Difficulty/0.35/Sudoku60_0.35,0.061355
py-sudokus/Difficulty/0.35/Sudoku61_0.35,0.068157
py-sudokus/Difficulty/0.35/Sudoku62_0.35,0.067307
py-sudokus/Difficulty/0.35/Sudoku63_0.35,0.115158
py-sudokus/Difficulty/0.35/Sudoku64_0.35,0.101586
py-sudokus/Difficulty/0.35/Sudoku65_0.35,0.066934
py-sudokus/Difficulty/0.35/Sudoku66_0.35,0.163396
py-sudokus/Difficulty/0.35/Sudoku67_0.35,0.074448
py-sudokus/Difficulty/0.35/Sudoku68_0.35,0.068064
py-sudokus/Difficulty/0.35/Sudoku69_0.35,0.120398
py-sudokus/Difficulty/0.35/Sudoku6_0.35,0.074722
py-sudokus/Difficulty/0.35/Sudoku70_0.35,0.06252
py-sudokus/Difficulty/0.35/Sudoku71_0.35,0.106713
py-sudokus/Difficulty/0.35/Sudoku72_0.35,0.064866
py-sudokus/Difficulty/0.35/Sudoku73_0.35,0.098762
py-sudokus/Difficulty/0.35/Sudoku74_0.35,0.079508
py-sudokus/Difficulty/0.35/Sudoku75_0.35,0.066994
py-sudokus/Difficulty/0.35/Sudoku76_0.35,0.101577
py-sudokus/Difficulty/0.35/Sudoku77_0.35,0.085094
py-sudokus/Difficulty/0.35/Sudoku78_0.35,0.062032
py-sudokus/Difficulty/0.35/Sudoku79_0.35,0.11196
py-sudokus/Difficulty/0.35/Sudoku7_0.35,0.098392
py-sudokus/Difficulty/0.35/Sudoku80_0.35,0.064381
py-sudokus/Difficulty/0.35/Sudoku81_0.35,0.068964
py-sudokus/Difficulty/0.35/Sudoku82_0.35,0.084494
py-sudokus/Difficulty/0.35/Sudoku83_0.35,0.081947
py-sudokus/Difficulty/0.35/Sudoku84_0.35,0.142809
py-sudokus/Difficulty/0.35/Sudoku85_0.35,0.068541
py-sudokus/Difficulty/0.35/Sudoku86_0.35,0.078413
py-sudokus/Difficulty/0.35/Sudoku87_0.35,0.110039
py-sudokus/Difficulty/0.35/Sudoku88_0.35,0.068174
py-sudokus/Difficulty/0.35/Sudoku89_0.35,0.183282
py-sudokus/Difficulty/0.35/Sudoku8_0.35,0.063572
py-sudokus/Difficulty/0.35/Sudoku90_0.35,0.076445
py-sudokus/Difficulty/0.35/Sudoku91_0.35,0.065334
py-sudokus/Difficulty/0.35/Sudoku92_0.35,0.06878
py-sudokus/Difficulty/0.35/Sudoku93_0.35,0.132573
py-sudokus/Difficulty/0.35/Sudoku94_0.35,0.10974
py-sudokus/Difficulty/0.35/Sudoku95_0.35,0.102741
py-sudokus/Difficulty/0.35/Sudoku96_0.35,0.076865
py-sudokus/Difficulty/0.35/Sudoku97_0.35,0.111121
py-sudokus/Difficulty/0.35/Sudoku98_0.35,0.065791
py-sudokus/Difficulty/0.35/Sudoku99_0.35,0.064877
py-sudokus/Difficulty/0.35/Sudoku9_0.35,0.3103
py-sudokus/Difficulty/0.4/Sudoku100_0.4,0.087479
py-sudokus/Difficulty/0.4/Sudoku10_0.4,0.115934
py-sudokus/Difficulty/0.4/Sudoku11_0.4,0.101739
py-sudokus/Difficulty/0.4/Sudoku12_0.4,0.084748
py-sudokus/Difficulty/0.4/Sudoku13_0.4,0.106413
py-sudokus/Difficulty/0.4/Sudoku14_0.4,0.07221
py-sudokus/Difficulty/0.4/Sudoku15_0.4,0.18478
py-sudokus/Difficulty/0.4/Sudoku16_0.4,0.075121
py-sudokus/Difficulty/0.4/Sudoku17_0.4,0.091552
py-sudokus/Difficulty/0.4/Sudoku18_0.4,0.093633
py-sudokus/Difficulty/0.4/Sudoku19_0.4,0.076887
py-sudokus/Difficulty/0.4/Sudoku1_0.4,0.088282
py-sudokus/Difficulty/0.4/Sudoku20_0.4,0.426161
py-sudokus/Difficulty/0.4/Sudoku21_0.4,0.078957
py-sudokus/Difficulty/0.4/Sudoku22_0.4,0.114986
py-sudokus/Difficulty/0.4/Sudoku23_0.4,0.082992
py-sudokus/Difficulty/0.4/Sudoku24_0.4,0.12251
py-sudokus/Difficulty/0.4/Sudoku25_0.4,0.100613
py-sudokus/Difficulty/0.4/Sudoku26_0.4,0.077095
py-sudokus/Difficulty/0.4/Sudoku27_0.4,0.128356
py-sudokus/Difficulty/0.4/Sudoku28_0.4,0.100613
py-sudokus/Difficulty/0.4/Sudoku29_0.4,0.254547
py-sudokus/Difficulty/0.4/Sudoku2_0.4,0.158615
py-sudokus/Difficulty/0.4/Sudoku30_0.4,0.11021
py-sudokus/Difficulty/0.4/Sudoku31_0.4,0.082071
py-sudokus/Difficulty/0.4/Sudoku32_0.4,0.082334
py-sudokus/Difficulty/0.4/Sudoku33_0.4,0.146652
py-sudokus/Difficulty/0.4/Sudoku34_0.4,0.170755
py-sudokus/Difficulty/0.4/Sudoku35_0.4,0.143149
py-sudokus/Difficulty/0.4/Sudoku36_0.4,0.105502
py-sudokus/Difficulty/0.4/Sudoku37_0.4,0.28232
py-sudokus/Difficulty/0.4/Sudoku38_0.4,0.257579
py-sudokus/Difficulty/0.4/Sudoku39_0.4,0.135469
py-sudokus/Difficulty/0.4/Sudoku3_0.4,0.131211
py-sudokus/Difficulty/0.4/Sudoku40_0.4,0.074407
py-sudokus/Difficulty/0.4/Sudoku41_0.4,0.08237
py-sudokus/Difficulty/0.4/Sudoku42_0.4,0.155054
py-sudokus/Difficulty/0.4/Sudoku43_0.4,0.118908
py-sudokus/Difficulty/0.4/Sudoku44_0.4,0.091069
py-sudokus/Difficulty/0.4/Sudoku45_0.4,0.073749
py-sudokus/Difficulty/0.4/Sudoku46_0.4,0.109371
py-sudokus/Difficulty/0.4/Sudoku47_0.4,0.08688
py-sudokus/Difficulty/0.4/Sudoku48_0.4,0.170738
py-sudokus/Difficulty/0.4/Sudoku49_0.4,0.090182
py-sudokus/Difficulty/0.4/Sudoku4_0.4,0.132568
py-sudokus/Difficulty/0.4/Sudoku50_0.4,0.326965
py-sudokus/Difficulty/0.4/Sudoku51_0.4,0.17377
py-sudokus/Difficulty/0.4/Sudoku52_0.4,0.10682
py-sudokus/Difficulty/0.4/Sudoku53_0.4,0.152441
py-sudokus/Difficulty/0.4/Sudoku54_0.4,0.099202
py-sudokus/Difficulty/0.4/Sudoku55_0.4,0.091139
py-sudokus/Difficulty/0.4/Sudoku56_0.4,0.103098
py-sudokus/Difficulty/0.4/Sudoku57_0.4,0.074442
py-sudokus/Difficulty/0.4/Sudoku58_0.4,0.141407
py-sudokus/Difficulty/0.4/Sudoku59_0.4,0.072885
py-sudokus/Difficulty/0.4/Sudoku5_0.4,0.103142
py-sudokus/Difficulty/0.4/Sudoku60_0.4,0.071195
py-sudokus/Difficulty/0.4/Sudoku61_0.4,0.165899
py-sudokus/Difficulty/0.4/Sudoku62_0.4,0.075233
py-sudokus/Difficulty/0.4/Sudoku63_0.4,0.190751
py-sudokus/Difficulty/0.4/Sudoku64_0.4,0.096038
py-sudokus/Difficulty/0.4/Sudoku65_0.4,0.137214
py-sudokus/Difficulty/0.4/Sudoku66_0.4,0.431034
py-sudokus/Difficulty/0.4/Sudoku67_0.4,0.095927
py-sudokus/Difficulty/0.4/Sudoku68_0.4,0.078455
py-sudokus/Difficulty/0.4/Sudoku69_0.4,0.099267
py-sudokus/Difficulty/0.4/Sudoku6_0.4,0.120075
py-sudokus/Difficulty/0.4/Sudoku70_0.4,0.074396
py-sudokus/Difficulty/0.4/Sudoku71_0.4,0.084056
py-sudokus/Difficulty/0.4/Sudoku72_0.4,0.104562
py-sudokus/Difficulty/0.4/Sudoku73_0.4,0.132195
py-sudokus/Difficulty/0.4/Sudoku74_0.4,0.089039
py-sudokus/Difficulty/0.4/Sudoku75_0.4,0.084435
py-sudokus/Difficulty/0.4/Sudoku76_0.4,0.107254
py-sudokus/Difficulty/0.4/Sudoku77_0.4,0.099496
py-sudokus/Difficulty/0.4/Sudoku78_0.4,0.081334
py-sudokus/Difficulty/0.4/Sudoku79_0.4,0.096323
py-sudokus/Difficulty/0.4/Sudoku7_0.4,0.155787
py-sudokus/Difficulty/0.4/Sudoku80_0.4,0.088462
py-sudokus/Difficulty/0.4/Sudoku81_0.4,0.081536
py-sudokus/Difficulty/0.4/Sudoku82_0.4,0.079271
py-sudokus/Difficulty/0.4/Sudoku83_0.4,0.092088
py-sudokus/Difficulty/0.4/Sudoku84_0.4,0.127852
py-sudokus/Difficulty/0.4/Sudoku85_0.4,0.15273
py-sudokus/Difficulty/0.4/Sudoku86_0.4,0.121087
py-sudokus/Difficulty/0.4/Sudoku87_0.4,0.078595
py-sudokus/Difficulty/0.4/Sudoku88_0.4,0.077292
py-sudokus/Difficulty/0.4/Sudoku89_0.4,0.122618
py-sudokus/Difficulty/0.4/Sudoku8_0.4,0.144791
py-sudokus/Difficulty/0.4/Sudoku90_0.4,0.123767
py-sudokus/Difficulty/0.4/Sudoku91_0.4,0.113398
py-sudokus/Difficulty/0.4/Sudoku92_0.4,0.107892
py-sudokus/Difficulty/0.4/Sudoku93_0.4,0.115099
py-sudokus/Difficulty/0.4/Sudoku94_0.4,0.253853
py-sudokus/Difficulty/0.4/Sudoku95_0.4,0.124875
py-sudokus/Difficulty/0.4/Sudoku96_0.4,0.085979
py-sudokus/Difficulty/0.4/Sudoku97_0.4,0.074983
py-sudokus/Difficulty/0.4/Sudoku98_0.4,0.081824
py-sudokus/Difficulty/0.4/Sudoku99_0.4,0.10236
py-sudokus/Difficulty/0.4/Sudoku9_0.4,0.393759
py-sudokus/Difficulty/0.45/Sudoku100_0.45,0.150464
py-sudokus/Difficulty/0.45/Sudoku10_0.45,0.192782
py-sudokus/Difficulty/0.45/Sudoku11_0.45,0.12919
py-sudokus/Difficulty/0.45/Sudoku12_0.45,0.105363
py-sudokus/Difficulty/0.45/Sudoku13_0.45,0.175699
py-sudokus/Difficulty/0.45/Sudoku14_0.45,0.080902
py-sudokus/Difficulty/0.45/Sudoku15_0.45,0.138544
py-sudokus/Difficulty/0.45/Sudoku16_0.45,0.17878
py-sudokus/Difficulty/0.45/Sudoku17_0.45,0.168963
py-sudokus/Difficulty/0.45/Sudoku18_0.45,0.258611
py-sudokus/Difficulty/0.45/Sudoku19_0.45,0.135229
py-sudokus/Difficulty/0.45/Sudoku1_0.45,0.347166
py-sudokus/Difficulty/0.45/Sudoku20_0.45,1.654262
py-sudokus/Difficulty/0.45/Sudoku21_0.45,0.098593
py-sudokus/Difficulty/0.45/Sudoku22_0.45,0.142973
py-sudokus/Difficulty/0.45/Sudoku23_0.45,0.226581
py-sudokus/Difficulty/0.45/Sudoku24_0.45,0.147809
py-sudokus/Difficulty/0.45/Sudoku25_0.45,0.303583
py-sudokus/Difficulty/0.45/Sudoku26_0.45,0.356992
py-sudokus/Difficulty/0.45/Sudoku27_0.45,0.173834
py-sudokus/Difficulty/0.45/Sudoku28_0.45,0.120769
py-sudokus/Difficulty/0.45/Sudoku29_0.45,0.189981
py-sudokus/Difficulty/0.45/Sudoku2_0.45,0.302436
py-sudokus/Difficulty/0.45/Sudoku30_0.45,0.156923
py-sudokus/Difficulty/0.45/Sudoku31_0.45,0.137582
py-sudokus/Difficulty/0.45/Sudoku32_0.45,0.106808
py-sudokus/Difficulty/0.45/Sudoku33_0.45,0.16317
py-sudokus/Difficulty/0.45/Sudoku34_0.45,0.111888
py-sudokus/Difficulty/0.45/Sudoku35_0.45,0.238581
py-sudokus/Difficulty/0.45/Sudoku36_0.45,0.121121
py-sudokus/Difficulty/0.45/Sudoku37_0.45,0.382537
py-sudokus/Difficulty/0.45/Sudoku38_0.45,0.266707
py-sudokus/Difficulty/0.45/Sudoku39_0.45,0.090187
py-sudokus/Difficulty/0.45/Sudoku3_0.45,0.178694
py-sudokus/Difficulty/0.45/Sudoku40_0.45,0.332676
py-sudokus/Difficulty/0.45/Sudoku41_0.45,0.09123
py-sudokus/Difficulty/0.45/Sudoku42_0.45,0.09942
py-sudokus/Difficulty/0.45/Sudoku43_0.45,0.085754
py-sudokus/Difficulty/0.45/Sudoku44_0.45,0.106
py-sudokus/Difficulty/0.45/Sudoku45_0.45,0.081317
py-sudokus/Difficulty/0.45/Sudoku46_0.45,0.129539
py-sudokus/Difficulty/0.45/Sudoku47_0.45,0.122511
py-sudokus/Difficulty/0.45/Sudoku48_0.45,0.117746
py-sudokus/Difficulty/0.45/Sudoku49_0.45,0.230906
py-sudokus/Difficulty/0.45/Sudoku4_0.45,0.110871
py-sudokus/Difficulty/0.45/Sudoku50_0.45,0.374313
py-sudokus/Difficulty/0.45/Sudoku51_0.45,0.289017
py-sudokus/Difficulty/0.45/Sudoku52_0.45,0.20258
py-sudokus/Difficulty/0.45/Sudoku53_0.45,0.25944
py-sudokus/Difficulty/0.45/Sudoku54_0.45,0.149655
py-sudokus/Difficulty/0.45/Sudoku55_0.45,0.338284
py-sudokus/Difficulty/0.45/Sudoku56_0.45,0.112245
py-sudokus/Difficulty/0.45/Sudoku57_0.45,0.081218
py-sudokus/Difficulty/0.45/Sudoku58_0.45,0.375363
py-sudokus/Difficulty/0.45/Sudoku59_0.45,0.091513
py-sudokus/Difficulty/0.45/Sudoku5_0.45,0.131701
py-sudokus/Difficulty/0.45/Sudoku60_0.45,0.09811
py-sudokus/Difficulty/0.45/Sudoku61_0.45,0.328732
py-sudokus/Difficulty/0.45/Sudoku62_0.45,0.115218
py-sudokus/Difficulty/0.45/Sudoku63_0.45,0.189952
py-sudokus/Difficulty/0.45/Sudoku64_0.45,0.116045
py-sudokus/Difficulty/0.45/Sudoku65_0.45,0.15008
py-sudokus/Difficulty/0.45/Sudoku66_0.45,0.389185
py-sudokus/Difficulty/0.45/Sudoku67_0.45,0.108238
py-sudokus/Difficulty/0.45/Sudoku68_0.45,0.082832
py-sudokus/Difficulty/0.45/Sudoku69_0.45,0.155612
py-sudokus/Difficulty/0.45/Sudoku6_0.45,0.559111
py-sudokus/Difficulty/0.45/Sudoku70_0.45,0.106612
py-sudokus/Difficulty/0.45/Sudoku71_0.45,0.124789
py-sudokus/Difficulty/0.45/Sudoku72_0.45,0.114192
py-sudokus/Difficulty/0.45/Sudoku73_0.45,0.167588
py-sudokus/Difficulty/0.45/Sudoku74_0.45,0.123412
py-sudokus/Difficulty/0.45/Sudoku75_0.45,0.149254
py-sudokus/Difficulty/0.45/Sudoku76_0.45,0.119517
py-sudokus/Difficulty/0.45/Sudoku77_0.45,0.343287
py-sudokus/Difficulty/0.45/Sudoku78_0.45,0.091245
py-sudokus/Difficulty/0.45/Sudoku79_0.45,0.158371
py-sudokus/Difficulty/0.45/Sudoku7_0.45,0.139677
py-sudokus/Difficulty/0.45/Sudoku80_0.45,0.170212
py-sudokus/Difficulty/0.45/Sudoku81_0.45,0.093779
py-sudokus/Difficulty/0.45/Sudoku82_0.45,0.156708
py-sudokus/Difficulty/0.45/Sudoku83_0.45,0.129021
py-sudokus/Difficulty/0.45/Sudoku84_0.45,0.173071
py-sudokus/Difficulty/0.45/Sudoku85_0.45,0.104786
py-sudokus/Difficulty/0.45/Sudoku86_0.45,0.386014
py-sudokus/Difficulty/0.45/Sudoku87_0.45,0.105888
py-sudokus/Difficulty/0.45/Sudoku88_0.45,0.202499
py-sudokus/Difficulty/0.45/Sudoku89_0.45,0.158269
py-sudokus/Difficulty/0.45/Sudoku8_0.45,0.192597
py-sudokus/Difficulty/0.45/Sudoku90_0.45,0.139375
py-sudokus/Difficulty/0.45/Sudoku91_0.45,0.181129
py-sudokus/Difficulty/0.45/Sudoku92_0.45,0.134584
py-sudokus/Difficulty/0.45/Sudoku93_0.45,0.147218
py-sudokus/Difficulty/0.45/Sudoku94_0.45,0.282181
py-sudokus/Difficulty/0.45/Sudoku95_0.45,0.793834
py-sudokus/Difficulty/0.45/Sudoku96_0.45,0.1533
py-sudokus/Difficulty/0.45/Sudoku97_0.45,0.079926
py-sudokus/Difficulty/0.45/Sudoku98_0.45,0.085667
py-sudokus/Difficulty/0.45/Sudoku99_0.45,0.126554
py-sudokus/Difficulty/0.45/Sudoku9_0.45,0.222372
py-sudokus/Difficulty/0.5/Sudoku100_0.5,0.162788
py-sudokus/Difficulty/0.5/Sudoku10_0.5,0.263893
py-sudokus/Difficulty/0.5/Sudoku11_0.5,0.186581
py-sudokus/Difficulty/0.5/Sudoku12_0.5,0.295775
py-sudokus/Difficulty/0.5/Sudoku13_0.5,0.236792
py-sudokus/Difficulty/0.5/Sudoku14_0.5,0.095436
py-sudokus/Difficulty/0.5/Sudoku15_0.5,0.922188
py-sudokus/Difficulty/0.5/Sudoku16_0.5,0.191887
py-sudokus/Difficulty/0.5/Sudoku17_0.5,0.18143
py-sudokus/Difficulty/0.5/Sudoku18_0.5,0.409514
py-sudokus/Difficulty/0.5/Sudoku19_0.5,0.156209
py-sudokus/Difficulty/0.5/Sudoku1_0.5,0.243641
py-sudokus/Difficulty/0.5/Sudoku20_0.5,0.517338
py-sudokus/Difficulty/0.5/Sudoku21_0.5,0.632594
py-sudokus/Difficulty/0.5/Sudoku22_0.5,0.225678
py-sudokus/Difficulty/0.5/Sudoku23_0.5,0.586946
py-sudokus/Difficulty/0.5/Sudoku24_0.5,0.15398
py-sudokus/Difficulty/0.5/Sudoku25_0.5,0.754004
py-sudokus/Difficulty/0.5/Sudoku26_0.5,0.464541
py-sudokus/Difficulty/0.5/Sudoku27_0.5,0.200258
py-sudokus/Difficulty/0.5/Sudoku28_0.5,0.17866
py-sudokus/Difficulty/0.5/Sudoku29_0.5,0.404846
py-sudokus/Difficulty/0.5/Sudoku2_0.5,0.595444
py-sudokus/Difficulty/0.5/Sudoku30_0.5,0.206286
py-sudokus/Difficulty/0.5/Sudoku31_0.5,0.24898
py-sudokus/Difficulty/0.5/Sudoku32_0.5,0.135634
py-sudokus/Difficulty/0.5/Sudoku33_0.5,0.112083
py-sudokus/Difficulty/0.5/Sudoku34_0.5,0.134395
py-sudokus/Difficulty/0.5/Sudoku35_0.5,0.558812
py-sudokus/Difficulty/0.5/Sudoku36_0.5,0.279266
py-sudokus/Difficulty/0.5/Sudoku37_0.5,0.56727
py-sudokus/Difficulty/0.5/Sudoku38_0.5,0.362627
py-sudokus/Difficulty/0.5/Sudoku39_0.5,0.2035
py-sudokus/Difficulty/0.5/Sudoku3_0.5,0.343032
py-sudokus/Difficulty/0.5/Sudoku40_0.5,0.090974
py-sudokus/Difficulty/0.5/Sudoku41_0.5,0.119508
py-sudokus/Difficulty/0.5/Sudoku42_0.5,0.122367
py-sudokus/Difficulty/0.5/Sudoku43_0.5,0.098963
py-sudokus/Difficulty/0.5/Sudoku44_0.5,0.984984
py-sudokus/Difficulty/0.5/Sudoku45_0.5,0.171075
py-sudokus/Difficulty/0.5/Sudoku46_0.5,0.316323
py-sudokus/Difficulty/0.5/Sudoku47_0.5,0.102679
py-sudokus/Difficulty/0.5/Sudoku48_0.5,0.150046
py-sudokus/Difficulty/0.5/Sudoku49_0.5,0.648044
py-sudokus/Difficulty/0.5/Sudoku4_0.5,0.100468
py-sudokus/Difficulty/0.5/Sudoku50_0.5,0.628713
py-sudokus/Difficulty/0.5/Sudoku51_0.5,0.291994
py-sudokus/Difficulty/0.5/Sudoku52_0.5,0.233999
py-sudokus/Difficulty/0.5/Sudoku53_0.5,0.344253
py-sudokus/Difficulty/0.5/Sudoku54_0.5,0.362523
py-sudokus/Difficulty/0.5/Sudoku55_0.5,1.384861
py-sudokus/Difficulty/0.5/Sudoku56_0.5,0.134502
py-sudokus/Difficulty/0.5/Sudoku57_0.5,0.111655
py-sudokus/Difficulty/0.5/Sudoku58_0.5,0.223158
py-sudokus/Difficulty/0.5/Sudoku59_0.5,0.123312
py-sudokus/Difficulty/0.5/Sudoku5_0.5,0.439319
py-sudokus/Difficulty/0.5/Sudoku60_0.5,0.092702
py-sudokus/Difficulty/0.5/Sudoku61_0.5,1.696662
py-sudokus/Difficulty/0.5/Sudoku62_0.5,0.226404
py-sudokus/Difficulty/0.5/Sudoku63_0.5,0.230733
py-sudokus/Difficulty/0.5/Sudoku64_0.5,0.34207
py-sudokus/Difficulty/0.5/Sudoku65_0.5,0.569169
py-sudokus/Difficulty/0.5/Sudoku66_0.5,0.320012
py-sudokus/Difficulty/0.5/Sudoku67_0.5,0.107598
py-sudokus/Difficulty/0.5/Sudoku68_0.5,0.099615
py-sudokus/Difficulty/0.5/Sudoku69_0.5,0.323386
py-sudokus/Difficulty/0.5/Sudoku6_0.5,1.9731
py-sudokus/Difficulty/0.5/Sudoku70_0.5,0.15049
py-sudokus/Difficulty/0.5/Sudoku71_0.5,0.126295
py-sudokus/Difficulty/0.5/Sudoku72_0.5,0.122035
py-sudokus/Difficulty/0.5/Sudoku73_0.5,0.298172
py-sudokus/Difficulty/0.5/Sudoku74_0.5,0.362776
py-sudokus/Difficulty/0.5/Sudoku75_0.5,0.151036
py-sudokus/Difficulty/0.5/Sudoku76_0.5,0.236466
py-sudokus/Difficulty/0.5/Sudoku77_0.5,1.57215
py-sudokus/Difficulty/0.5/Sudoku78_0.5,0.381538
py-sudokus/Difficulty/0.5/Sudoku79_0.5,0.196863
py-sudokus/Difficulty/0.5/Sudoku7_0.5,0.351396
py-sudokus/Difficulty/0.5/Sudoku80_0.5,0.260312
py-sudokus/Difficulty/0.5/Sudoku81_0.5,0.711661
py-sudokus/Difficulty/0.5/Sudoku82_0.5,0.145925
py-sudokus/Difficulty/0.5/Sudoku83_0.5,0.131008
py-sudokus/Difficulty/0.5/Sudoku84_0.5,0.206473
py-sudokus/Difficulty/0.5/Sudoku85_0.5,0.13937
py-sudokus/Difficulty/0.5/Sudoku86_0.5,0.544767
py-sudokus/Difficulty/0.5/Sudoku87_0.5,0.10083
py-sudokus/Difficulty/0.5/Sudoku88_0.5,0.803455
py-sudokus/Difficulty/0.5/Sudoku89_0.5,0.276418
py-sudokus/Difficulty/0.5/Sudoku8_0.5,1.261825
py-sudokus/Difficulty/0.5/Sudoku90_0.5,0.247797
py-sudokus/Difficulty/0.5/Sudoku91_0.5,0.250851
py-sudokus/Difficulty/0.5/Sudoku92_0.5,0.196564
py-sudokus/Difficulty/0.5/Sudoku93_0.5,0.293584
py-sudokus/Difficulty/0.5/Sudoku94_0.5,0.571535
py-sudokus/Difficulty/0.5/Sudoku95_0.5,1.817909
py-sudokus/Difficulty/0.5/Sudoku96_0.5,0.181839
py-sudokus/Difficulty/0.5/Sudoku97_0.5,0.164091
py-sudokus/Difficulty/0.5/Sudoku98_0.5,0.114058
py-sudokus/Difficulty/0.5/Sudoku99_0.5,0.182323
py-sudokus/Difficulty/0.5/Sudoku9_0.5,0.413666
py-sudokus/Difficulty/0.55/Sudoku100_0.55,1.473663
py-sudokus/Difficulty/0.55/Sudoku10_0.55,0.322789
py-sudokus/Difficulty/0.55/Sudoku11_0.55,0.402039
py-sudokus/Difficulty/0.55/Sudoku12_0.55,0.182362
py-sudokus/Difficulty/0.55/Sudoku13_0.55,0.428124
py-sudokus/Difficulty/0.55/Sudoku14_0.55,0.170903
py-sudokus/Difficulty/0.55/Sudoku15_0.55,4.038669
py-sudokus/Difficulty/0.55/Sudoku16_0.55,0.212783
py-sudokus/Difficulty/0.55/Sudoku17_0.55,0.130995
py-sudokus/Difficulty/0.55/Sudoku18_0.55,0.460959
py-sudokus/Difficulty/0.55/Sudoku19_0.55,0.35848
py-sudokus/Difficulty/0.55/Sudoku1_0.55,1.19963
py-sudokus/Difficulty/0.55/Sudoku20_0.55,0.523498
py-sudokus/Difficulty/0.55/Sudoku21_0.55,1.927655
py-sudokus/Difficulty/0.55/Sudoku22_0.55,0.313094
py-sudokus/Difficulty/0.55/Sudoku23_0.55,0.853082
py-sudokus/Difficulty/0.55/Sudoku24_0.55,1.008324
py-sudokus/Difficulty/0.55/Sudoku25_0.55,1.675795
py-sudokus/Difficulty/0.55/Sudoku26_0.55,0.674822
py-sudokus/Difficulty/0.55/Sudoku27_0.55,0.800197
py-sudokus/Difficulty/0.55/Sudoku28_0.55,0.285777
py-sudokus/Difficulty/0.55/Sudoku29_0.55,0.955638
py-sudokus/Difficulty/0.55/Sudoku2_0.55,0.731168
py-sudokus/Difficulty/0.55/Sudoku30_0.55,1.146277
py-sudokus/Difficulty/0.55/Sudoku31_0.55,0.705797
py-sudokus/Difficulty/0.55/Sudoku32_0.55,0.153914
py-sudokus/Difficulty/0.55/Sudoku33_0.55,0.667221
py-sudokus/Difficulty/0.55/Sudoku34_0.55,0.357739
py-sudokus/Difficulty/0.55/Sudoku35_0.55,0.916074
py-sudokus/Difficulty/0.55/Sudoku36_0.55,0.522345
py-sudokus/Difficulty/0.55/Sudoku37_0.55,1.076323
py-sudokus/Difficulty/0.55/Sudoku38_0.55,0.258835
py-sudokus/Difficulty/0.55/Sudoku39_0.55,0.314952
py-sudokus/Difficulty/0.55/Sudoku3_0.55,0.407515
py-sudokus/Difficulty/0.55/Sudoku40_0.55,0.111836
py-sudokus/Difficulty/0.55/Sudoku41_0.55,0.129647
py-sudokus/Difficulty/0.55/Sudoku42_0.55,0.122408
py-sudokus/Difficulty/0.55/Sudoku43_0.55,0.151272
py-sudokus/Difficulty/0.55/Sudoku44_0.55,0.911687
py-sudokus/Difficulty/0.55/Sudoku45_0.55,0.354201
py-sudokus/Difficulty/0.55/Sudoku46_0.55,0.734293
py-sudokus/Difficulty/0.55/Sudoku47_0.55,0.120963
py-sudokus/Difficulty/0.55/Sudoku48_0.55,0.310005
py-sudokus/Difficulty/0.55/Sudoku49_0.55,1.703872
py-sudokus/Difficulty/0.55/Sudoku4_0.55,0.111134
py-sudokus/Difficulty/0.55/Sudoku50_0.55,1.645734
py-sudokus/Difficulty/0.55/Sudoku51_0.55,2.917613
py-sudokus/Difficulty/0.55/Sudoku52_0.55,0.811526
py-sudokus/Difficulty/0.55/Sudoku53_0.55,0.428594
py-sudokus/Difficulty/0.55/Sudoku54_0.55,1.891327
py-sudokus/Difficulty/0.55/Sudoku55_0.55,2.093429
py-sudokus/Difficulty/0.55/Sudoku56_0.55,0.176167
py-sudokus/Difficulty/0.55/Sudoku57_0.55,2.50048
py-sudokus/Difficulty/0.55/Sudoku58_0.55,0.136765
py-sudokus/Difficulty/0.55/Sudoku59_0.55,0.296169
py-sudokus/Difficulty/0.55/Sudoku5_0.55,1.627355
py-sudokus/Difficulty/0.55/Sudoku60_0.55,0.269486
py-sudokus/Difficulty/0.55/Sudoku61_0.55,0.963875
py-sudokus/Difficulty/0.55/Sudoku62_0.55,0.150764
py-sudokus/Difficulty/0.55/Sudoku63_0.55,0.856611
py-sudokus/Difficulty/0.55/Sudoku64_0.55,0.764508
py-sudokus/Difficulty/0.55/Sudoku65_0.55,1.673494
py-sudokus/Difficulty/0.55/Sudoku66_0.55,0.364961
py-sudokus/Difficulty/0.55/Sudoku67_0.55,0.170871
py-sudokus/Difficulty/0.55/Sudoku68_0.55,0.23384
py-sudokus/Difficulty/0.55/Sudoku69_0.55,0.465377
py-sudokus/Difficulty/0.55/Sudoku6_0.55,7.314651
py-sudokus/Difficulty/0.55/Sudoku70_0.55,0.174409
py-sudokus/Difficulty/0.55/Sudoku71_0.55,0.134677
py-sudokus/Difficulty/0.55/Sudoku72_0.55,0.131419
py-sudokus/Difficulty/0.55/Sudoku73_0.55,0.325281
py-sudokus/Difficulty/0.55/Sudoku74_0.55,1.030472
py-sudokus/Difficulty/0.55/Sudoku75_0.55,0.231993
py-sudokus/Difficulty/0.55/Sudoku76_0.55,0.843382
py-sudokus/Difficulty/0.55/Sudoku77_0.55,2.520327
py-sudokus/Difficulty/0.55/Sudoku78_0.55,0.414903
py-sudokus/Difficulty/0.55/Sudoku79_0.55,0.456903
py-sudokus/Difficulty/0.55/Sudoku7_0.55,0.273215
py-sudokus/Difficulty/0.55/Sudoku80_0.55,1.847852
py-sudokus/Difficulty/0.55/Sudoku81_0.55,4.4956
py-sudokus/Difficulty/0.55/Sudoku82_0.55,2.064627
py-sudokus/Difficulty/0.55/Sudoku83_0.55,0.570508
py-sudokus/Difficulty/0.55/Sudoku84_0.55,0.228013
py-sudokus/Difficulty/0.55/Sudoku85_0.55,0.229305
py-sudokus/Difficulty/0.55/Sudoku86_0.55,2.518029
py-sudokus/Difficulty/0.55/Sudoku87_0.55,0.271885
py-sudokus/Difficulty/0.55/Sudoku88_0.55,0.746275
py-sudokus/Difficulty/0.55/Sudoku89_0.55,0.796429
py-sudokus/Difficulty/0.55/Sudoku8_0.55,1.645139
py-sudokus/Difficulty/0.55/Sudoku90_0.55,0.350946
py-sudokus/Difficulty/0.55/Sudoku91_0.55,0.359837
py-sudokus/Difficulty/0.55/Sudoku92_0.55,0.740493
py-sudokus/Difficulty/0.55/Sudoku93_0.55,0.298064
py-sudokus/Difficulty/0.55/Sudoku94_0.55,1.151248
py-sudokus/Difficulty/0.55/Sudoku95_0.55,0.905586
py-sudokus/Difficulty/0.55/Sudoku96_0.55,0.429552
py-sudokus/Difficulty/0.55/Sudoku97_0.55,0.539031
py-sudokus/Difficulty/0.55/Sudoku98_0.55,0.201773
py-sudokus/Difficulty/0.55/Sudoku99_0.55,0.471444
py-sudokus/Difficulty/0.55/Sudoku9_0.55,0.450996
py-sudokus/Difficulty/0.6/Sudoku100_0.6,1.037593
py-sudokus/Difficulty/0.6/Sudoku10_0.6,0.504392
py-sudokus/Difficulty/0.6/Sudoku11_0.6,0.375613
py-sudokus/Difficulty/0.6/Sudoku12_0.6,0.256781
py-sudokus/Difficulty/0.6/Sudoku13_0.6,0.286007
py-sudokus/Difficulty/0.6/Sudoku14_0.6,0.487722
py-sudokus/Difficulty/0.6/Sudoku15_0.6,12.483177
py-sudokus/Difficulty/0.6/Sudoku16_0.6,0.345314
py-sudokus/Difficulty/0.6/Sudoku17_0.6,1.658528
py-sudokus/Difficulty/0.6/Sudoku18_0.6,1.917296
py-sudokus/Difficulty/0.6/Sudoku19_0.6,0.35261
py-sudokus/Difficulty/0.6/Sudoku1_0.6,3.173027
py-sudokus/Difficulty/0.6/Sudoku20_0.6,0.325549
py-sudokus/Difficulty/0.6/Sudoku21_0.6,0.417628
py-sudokus/Difficulty/0.6/Sudoku22_0.6,0.571211
py-sudokus/Difficulty/0.6/Sudoku23_0.6,0.771775
py-sudokus/Difficulty/0.6/Sudoku24_0.6,1.28553
py-sudokus/Difficulty/0.6/Sudoku25_0.6,2.837578
py-sudokus/Difficulty/0.6/Sudoku26_0.6,2.574621
py-sudokus/Difficulty/0.6/Sudoku27_0.6,0.643746
py-sudokus/Difficulty/0.6/Sudoku28_0.6,5.560166
py-sudokus/Difficulty/0.6/Sudoku29_0.6,3.429033
py-sudokus/Difficulty/0.6/Sudoku2_0.6,0.505073
py-sudokus/Difficulty/0.6/Sudoku30_0.6,2.137436
py-sudokus/Difficulty/0.6/Sudoku31_0.6,1.954291
py-sudokus/Difficulty/0.6/Sudoku32_0.6,0.207117
py-sudokus/Difficulty/0.6/Sudoku33_0.6,1.568901
py-sudokus/Difficulty/0.6/Sudoku34_0.6,1.094641
py-sudokus/Difficulty/0.6/Sudoku35_0.6,3.395253
py-sudokus/Difficulty/0.6/Sudoku36_0.6,3.003979
py-sudokus/Difficulty/0.6/Sudoku37_0.6,1.728728
py-sudokus/Difficulty/0.6/Sudoku38_0.6,0.582802
py-sudokus/Difficulty/0.6/Sudoku39_0.6,0.263727
py-sudokus/Difficulty/0.6/Sudoku3_0.6,0.477368
py-sudokus/Difficulty/0.6/Sudoku40_0.6,0.270756
py-sudokus/Difficulty/0.6/Sudoku41_0.6,0.131747
py-sudokus/Difficulty/0.6/Sudoku42_0.6,0.569368
py-sudokus/Difficulty/0.6/Sudoku43_0.6,0.806822
py-sudokus/Difficulty/0.6/Sudoku44_0.6,5.726567
py-sudokus/Difficulty/0.6/Sudoku45_0.6,0.142592
py-sudokus/Difficulty/0.6/Sudoku46_0.6,1.951531
py-sudokus/Difficulty/0.6/Sudoku47_0.6,0.131346
py-sudokus/Difficulty/0.6/Sudoku48_0.6,0.810281
py-sudokus/Difficulty/0.6/Sudoku49_0.6,2.478489
py-sudokus/Difficulty/0.6/Sudoku4_0.6,1.604683
py-sudokus/Difficulty/0.6/Sudoku50_0.6,2.83354
py-sudokus/Difficulty/0.6/Sudoku51_0.6,1.636618
py-sudokus/Difficulty/0.6/Sudoku52_0.6,3.508398
py-sudokus/Difficulty/0.6/Sudoku53_0.6,1.173421
py-sudokus/Difficulty/0.6/Sudoku54_0.6,3.724428
py-sudokus/Difficulty/0.6/Sudoku55_0.6,7.386598
py-sudokus/Difficulty/0.6/Sudoku56_0.6,1.045313
py-sudokus/Difficulty/0.6/Sudoku57_0.6,5.017621
py-sudokus/Difficulty/0.6/Sudoku58_0.6,0.165853
py-sudokus/Difficulty/0.6/Sudoku59_0.6,0.609319
py-sudokus/Difficulty/0.6/Sudoku5_0.6,2.24716
py-sudokus/Difficulty/0.6/Sudoku60_0.6,1.458496
py-sudokus/Difficulty/0.6/Sudoku61_0.6,1.988163
py-sudokus/Difficulty/0.6/Sudoku62_0.6,0.19276
py-sudokus/Difficulty/0.6/Sudoku63_0.6,2.468465
py-sudokus/Difficulty/0.6/Sudoku64_0.6,3.335617
py-sudokus/Difficulty/0.6/Sudoku65_0.6,0.208395
py-sudokus/Difficulty/0.6/Sudoku66_0.6,2.227096
py-sudokus/Difficulty/0.6/Sudoku67_0.6,0.184486
py-sudokus/Difficulty/0.6/Sudoku68_0.6,0.122411
py-sudokus/Difficulty/0.6/Sudoku69_0.6,0.458551
py-sudokus/Difficulty/0.6/Sudoku6_0.6,13.857263
py-sudokus/Difficulty/0.6/Sudoku70_0.6,0.275828
py-sudokus/Difficulty/0.6/Sudoku71_0.6,0.153583
py-sudokus/Difficulty/0.6/Sudoku72_0.6,0.380115
py-sudokus/Difficulty/0.6/Sudoku73_0.6,4.552075
py-sudokus/Difficulty/0.6/Sudoku74_0.6,1.192976
py-sudokus/Difficulty/0.6/Sudoku75_0.6,0.353706
py-sudokus/Difficulty/0.6/Sudoku76_0.6,2.393207
py-sudokus/Difficulty/0.6/Sudoku77_0.6,5.09332
py-sudokus/Difficulty/0.6/Sudoku78_0.6,0.661101
py-sudokus/Difficulty/0.6/Sudoku79_0.6,2.996529
py-sudokus/Difficulty/0.6/Sudoku7_0.6,2.253965
py-sudokus/Difficulty/0.6/Sudoku80_0.6,2.375858
py-sudokus/Difficulty/0.6/Sudoku81_0.6,2.119939
py-sudokus/Difficulty/0.6/Sudoku82_0.6,4.763798
py-sudokus/Difficulty/0.6/Sudoku83_0.6,1.20663
py-sudokus/Difficulty/0.6/Sudoku84_0.6,2.058346
py-sudokus/Difficulty/0.6/Sudoku85_0.6,0.183701
py-sudokus/Difficulty/0.6/Sudoku86_0.6,0.31811
py-sudokus/Difficulty/0.6/Sudoku87_0.6,0.884287
py-sudokus/Difficulty/0.6/Sudoku88_0.6,0.921078
py-sudokus/Difficulty/0.6/Sudoku89_0.6,0.252613
py-sudokus/Difficulty/0.6/Sudoku8_0.6,1.723395
py-sudokus/Difficulty/0.6/Sudoku90_0.6,2.499965
py-sudokus/Difficulty/0.6/Sudoku91_0.6,4.058886
py-sudokus/Difficulty/0.6/Sudoku92_0.6,0.728891
py-sudokus/Difficulty/0.6/Sudoku93_0.6,1.457666
py-sudokus/Difficulty/0.6/Sudoku94_0.6,1.954894
py-sudokus/Difficulty/0.6/Sudoku95_0.6,4.560594
py-sudokus/Difficulty/0.6/Sudoku96_0.6,0.678053
py-sudokus/Difficulty/0.6/Sudoku97_0.6,0.373294
py-sudokus/Difficulty/0.6/Sudoku98_0.6,0.135466
py-sudokus/Difficulty/0.6/Sudoku99_0.6,1.400552
py-sudokus/Difficulty/0.6/Sudoku9_0.6,0.460788
py-sudokus/Difficulty/0.65/Sudoku100_0.65,4.999278
py-sudokus/Difficulty/0.65/Sudoku10_0.65,0.826398
py-sudokus/Difficulty/0.65/Sudoku11_0.65,1.458278
py-sudokus/Difficulty/0.65/Sudoku12_0.65,0.372644
py-sudokus/Difficulty/0.65/Sudoku13_0.65,0.703775
py-sudokus/Difficulty/0.65/Sudoku14_0.65,0.626483
py-sudokus/Difficulty/0.65/Sudoku15_0.65,10.229302
py-sudokus/Difficulty/0.65/Sudoku16_0.65,7.382731
py-sudokus/Difficulty/0.65/Sudoku17_0.65,3.744335
py-sudokus/Difficulty/0.65/Sudoku18_0.65,0.252667
py-sudokus/Difficulty/0.65/Sudoku19_0.65,1.527555
py-sudokus/Difficulty/0.65/Sudoku1_0.65,8.131513
py-sudokus/Difficulty/0.65/Sudoku20_0.65,1.041463
py-sudokus/Difficulty/0.65/Sudoku21_0.65,1.15398
py-sudokus/Difficulty/0.65/Sudoku22_0.65,0.260002
py-sudokus/Difficulty/0.65/Sudoku23_0.65,2.1052
py-sudokus/Difficulty/0.65/Sudoku24_0.65,0.434305
py-sudokus/Difficulty/0.65/Sudoku25_0.65,4.737668
py-sudokus/Difficulty/0.65/Sudoku26_0.65,1.04813
py-sudokus/Difficulty/0.65/Sudoku27_0.65,0.540085
py-sudokus/Difficulty/0.65/Sudoku28_0.65,8.874381
py-sudokus/Difficulty/0.65/Sudoku29_0.65,4.730049
py-sudokus/Difficulty/0.65/Sudoku2_0.65,3.905587
py-sudokus/Difficulty/0.65/Sudoku30_0.65,4.386147
py-sudokus/Difficulty/0.65/Sudoku31_0.65,3.999346
py-sudokus/Difficulty/0.65/Sudoku32_0.65,1.142552
py-sudokus/Difficulty/0.65/Sudoku33_0.65,8.678695
py-sudokus/Difficulty/0.65/Sudoku34_0.65,4.377589
py-sudokus/Difficulty/0.65/Sudoku35_0.65,3.250683
py-sudokus/Difficulty/0.65/Sudoku36_0.65,10.3115
py-sudokus/Difficulty/0.65/Sudoku37_0.65,3.178062
py-sudokus/Difficulty/0.65/Sudoku38_0.65,2.735007
py-sudokus/Difficulty/0.65/Sudoku39_0.65,1.280922
py-sudokus/Difficulty/0.65/Sudoku3_0.65,0.840158
py-sudokus/Difficulty/0.65/Sudoku40_0.65,0.539989
py-sudokus/Difficulty/0.65/Sudoku41_0.65,0.889018
py-sudokus/Difficulty/0.65/Sudoku42_0.65,3.363995
py-sudokus/Difficulty/0.65/Sudoku43_0.65,0.442532
py-sudokus/Difficulty/0.65/Sudoku44_0.65,1.786992
py-sudokus/Difficulty/0.65/Sudoku45_0.65,0.177734
py-sudokus/Difficulty/0.65/Sudoku46_0.65,4.305623
py-sudokus/Difficulty/0.65/Sudoku47_0.65,0.18218
py-sudokus/Difficulty/0.65/Sudoku48_0.65,2.138967
py-sudokus/Difficulty/0.65/Sudoku49_0.65,9.901474
py-sudokus/Difficulty/0.65/Sudoku4_0.65,3.019047
py-sudokus/Difficulty/0.65/Sudoku50_0.65,3.641695
py-sudokus/Difficulty/0.65/Sudoku51_0.65,6.772411
py-sudokus/Difficulty/0.65/Sudoku52_0.65,4.243849
py-sudokus/Difficulty/0.65/Sudoku53_0.65,1.380285
py-sudokus/Difficulty/0.65/Sudoku54_0.65,6.354704
py-sudokus/Difficulty/0.65/Sudoku55_0.65,11.202515
py-sudokus/Difficulty/0.65/Sudoku56_0.65,1.701292
py-sudokus/Difficulty/0.65/Sudoku57_0.65,0.136977
py-sudokus/Difficulty/0.65/Sudoku58_0.65,0.395061
py-sudokus/Difficulty/0.65/Sudoku59_0.65,8.08719
py-sudokus/Difficulty/0.65/Sudoku5_0.65,7.307732
py-sudokus/Difficulty/0.65/Sudoku60_0.65,1.733694
py-sudokus/Difficulty/0.65/Sudoku61_0.65,9.614442
py-sudokus/Difficulty/0.65/Sudoku62_0.65,0.171432
py-sudokus/Difficulty/0.65/Sudoku63_0.65,0.627708
py-sudokus/Difficulty/0.65/Sudoku64_0.65,5.592651
py-sudokus/Difficulty/0.65/Sudoku65_0.65,0.258892
py-sudokus/Difficulty/0.65/Sudoku66_0.65,8.439954
py-sudokus/Difficulty/0.65/Sudoku67_0.65,1.358504
py-sudokus/Difficulty/0.65/Sudoku68_0.65,0.139359
py-sudokus/Difficulty/0.65/Sudoku69_0.65,0.793164
py-sudokus/Difficulty/0.65/Sudoku6_0.65,45.781699
py-sudokus/Difficulty/0.65/Sudoku70_0.65,1.762862
py-sudokus/Difficulty/0.65/Sudoku71_0.65,0.246425
py-sudokus/Difficulty/0.65/Sudoku72_0.65,0.255134
py-sudokus/Difficulty/0.65/Sudoku73_0.65,8.287981
py-sudokus/Difficulty/0.65/Sudoku74_0.65,3.024008
py-sudokus/Difficulty/0.65/Sudoku75_0.65,1.727519
py-sudokus/Difficulty/0.65/Sudoku76_0.65,3.847791
py-sudokus/Difficulty/0.65/Sudoku77_0.65,2.741683
py-sudokus/Difficulty/0.65/Sudoku78_0.65,0.630174
py-sudokus/Difficulty/0.65/Sudoku79_0.65,2.747107
py-sudokus/Difficulty/0.65/Sudoku7_0.65,0.4518
py-sudokus/Difficulty/0.65/Sudoku80_0.65,2.38151
py-sudokus/Difficulty/0.65/Sudoku81_0.65,3.273342
py-sudokus/Difficulty/0.65/Sudoku82_0.65,1.726457
py-sudokus/Difficulty/0.65/Sudoku83_0.65,3.375232
py-sudokus/Difficulty/0.65/Sudoku84_0.65,2.479764
py-sudokus/Difficulty/0.65/Sudoku85_0.65,0.367868
py-sudokus/Difficulty/0.65/Sudoku86_0.65,0.473567
py-sudokus/Difficulty/0.65/Sudoku87_0.65,1.206675
py-sudokus/Difficulty/0.65/Sudoku88_0.65,1.026192
py-sudokus/Difficulty/0.65/Sudoku89_0.65,0.481569
py-sudokus/Difficulty/0.65/Sudoku8_0.65,6.004674
py-sudokus/Difficulty/0.65/Sudoku90_0.65,3.832273
py-sudokus/Difficulty/0.65/Sudoku91_0.65,8.613281
py-sudokus/Difficulty/0.65/Sudoku92_0.65,2.779129
py-sudokus/Difficulty/0.65/Sudoku93_0.65,4.467297
py-sudokus/Difficulty/0.65/Sudoku94_0.65,1.513847
py-sudokus/Difficulty/0.65/Sudoku95_0.65,7.353954
py-sudokus/Difficulty/0.65/Sudoku96_0.65,0.485038
py-sudokus/Difficulty/0.65/Sudoku97_0.65,0.64533
py-sudokus/Difficulty/0.65/Sudoku98_0.65,0.65663
py-sudokus/Difficulty/0.65/Sudoku99_0.65,4.748658
py-sudokus/Difficulty/0.65/Sudoku9_0.65,0.593385
py-sudokus/Difficulty/0.7/Sudoku100_0.7,1.02532
py-sudokus/Difficulty/0.7/Sudoku10_0.7,1.075679
py-sudokus/Difficulty/0.7/Sudoku11_0.7,17.852816
py-sudokus/Difficulty/0.7/Sudoku12_0.7,4.777439
py-sudokus/Difficulty/0.7/Sudoku13_0.7,0.920184
py-sudokus/Difficulty/0.7/Sudoku14_0.7,3.080981
py-sudokus/Difficulty/0.7/Sudoku15_0.7,23.581451
py-sudokus/Difficulty/0.7/Sudoku16_0.7,1.044913
py-sudokus/Difficulty/0.7/Sudoku17_0.7,1.072838
py-sudokus/Difficulty/0.7/Sudoku18_0.7,0.657882
py-sudokus/Difficulty/0.7/Sudoku19_0.7,1.103399
py-sudokus/Difficulty/0.7/Sudoku1_0.7,9.375556
py-sudokus/Difficulty/0.7/Sudoku20_0.7,8.067989
py-sudokus/Difficulty/0.7/Sudoku21_0.7,0.405649
py-sudokus/Difficulty/0.7/Sudoku22_0.7,0.747207
py-sudokus/Difficulty/0.7/Sudoku23_0.7,1.702823
py-sudokus/Difficulty/0.7/Sudoku24_0.7,0.600069
py-sudokus/Difficulty/0.7/Sudoku25_0.7,4.312116
py-sudokus/Difficulty/0.7/Sudoku26_0.7,21.414694
py-sudokus/Difficulty/0.7/Sudoku27_0.7,0.41754
py-sudokus/Difficulty/0.7/Sudoku28_0.7,0.820503
py-sudokus/Difficulty/0.7/Sudoku29_0.7,3.039657
py-sudokus/Difficulty/0.7/Sudoku2_0.7,64.319478
py-sudokus/Difficulty/0.7/Sudoku30_0.7,34.760714
py-sudokus/Difficulty/0.7/Sudoku31_0.7,3.772607
py-sudokus/Difficulty/0.7/Sudoku32_0.7,0.581936
py-sudokus/Difficulty/0.7/Sudoku33_0.7,3.228967
py-sudokus/Difficulty/0.7/Sudoku34_0.7,1.770896
py-sudokus/Difficulty/0.7/Sudoku35_0.7,5.945344
py-sudokus/Difficulty/0.7/Sudoku36_0.7,3.671131
py-sudokus/Difficulty/0.7/Sudoku37_0.7,0.875108
py-sudokus/Difficulty/0.7/Sudoku38_0.7,3.628277
py-sudokus/Difficulty/0.7/Sudoku39_0.7,0.229811
py-sudokus/Difficulty/0.7/Sudoku3_0.7,2.31973
py-sudokus/Difficulty/0.7/Sudoku40_0.7,1.739346
py-sudokus/Difficulty/0.7/Sudoku41_0.7,0.549309
py-sudokus/Difficulty/0.7/Sudoku42_0.7,13.977338
py-sudokus/Difficulty/0.7/Sudoku43_0.7,1.812861
py-sudokus/Difficulty/0.7/Sudoku44_0.7,0.889695
py-sudokus/Difficulty/0.7/Sudoku45_0.7,0.257031
py-sudokus/Difficulty/0.7/Sudoku46_0.7,1.795981
py-sudokus/Difficulty/0.7/Sudoku47_0.7,0.878226
py-sudokus/Difficulty/0.7/Sudoku48_0.7,2.204667
py-sudokus/Difficulty/0.7/Sudoku49_0.7,6.329722
py-sudokus/Difficulty/0.7/Sudoku4_0.7,1.717402
py-sudokus/Difficulty/0.7/Sudoku50_0.7,12.526926
py-sudokus/Difficulty/0.7/Sudoku51_0.7,2.516066
py-sudokus/Difficulty/0.7/Sudoku52_0.7,8.678133
py-sudokus/Difficulty/0.7/Sudoku53_0.7,5.439286
py-sudokus/Difficulty/0.7/Sudoku54_0.7,3.00767
py-sudokus/Difficulty/0.7/Sudoku55_0.7,59.344515
py-sudokus/Difficulty/0.7/Sudoku56_0.7,0.588819
py-sudokus/Difficulty/0.7/Sudoku57_0.7,0.37264
py-sudokus/Difficulty/0.7/Sudoku58_0.7,0.565362
py-sudokus/Difficulty/0.7/Sudoku59_0.7,5.721416
py-sudokus/Difficulty/0.7/Sudoku5_0.7,1.875136
py-sudokus/Difficulty/0.7/Sudoku60_0.7,1.014052
py-sudokus/Difficulty/0.7/Sudoku61_0.7,9.375624
py-sudokus/Difficulty/0.7/Sudoku62_0.7,0.243562
py-sudokus/Difficulty/0.7/Sudoku63_0.7,0.636989
py-sudokus/Difficulty/0.7/Sudoku64_0.7,38.580575
py-sudokus/Difficulty/0.7/Sudoku65_0.7,0.356369
py-sudokus/Difficulty/0.7/Sudoku66_0.7,16.341798
py-sudokus/Difficulty/0.7/Sudoku67_0.7,2.615657
py-sudokus/Difficulty/0.7/Sudoku68_0.7,0.213833
py-sudokus/Difficulty/0.7/Sudoku69_0.7,2.346376
py-sudokus/Difficulty/0.7/Sudoku6_0.7,13.056235
py-sudokus/Difficulty/0.7/Sudoku70_0.7,1.723168
py-sudokus/Difficulty/0.7/Sudoku71_0.7,3.335949
py-sudokus/Difficulty/0.7/Sudoku72_0.7,0.30985
py-sudokus/Difficulty/0.7/Sudoku73_0.7,79.549776
py-sudokus/Difficulty/0.7/Sudoku74_0.7,11.776215
py-sudokus/Difficulty/0.7/Sudoku75_0.7,1.809921
py-sudokus/Difficulty/0.7/Sudoku76_0.7,2.56762
py-sudokus/Difficulty/0.7/Sudoku77_0.7,2.982529
py-sudokus/Difficulty/0.7/Sudoku78_0.7,3.519889
py-sudokus/Difficulty/0.7/Sudoku79_0.7,3.003456
py-sudokus/Difficulty/0.7/Sudoku7_0.7,13.356955
py-sudokus/Difficulty/0.7/Sudoku80_0.7,1.318498
py-sudokus/Difficulty/0.7/Sudoku81_0.7,2.306407
py-sudokus/Difficulty/0.7/Sudoku82_0.7,35.058155
py-sudokus/Difficulty/0.7/Sudoku83_0.7,0.62605
py-sudokus/Difficulty/0.7/Sudoku84_0.7,14.619197
py-sudokus/Difficulty/0.7/Sudoku85_0.7,1.132983
py-sudokus/Difficulty/0.7/Sudoku86_0.7,0.524523
py-sudokus/Difficulty/0.7/Sudoku87_0.7,1.823114
py-sudokus/Difficulty/0.7/Sudoku88_0.7,9.001385
py-sudokus/Difficulty/0.7/Sudoku89_0.7,0.913944
py-sudokus/Difficulty/0.7/Sudoku8_0.7,4.484296
py-sudokus/Difficulty/0.7/Sudoku90_0.7,0.563234
py-sudokus/Difficulty/0.7/Sudoku91_0.7,27.815788
py-sudokus/Difficulty/0.7/Sudoku92_0.7,1.7364
py-sudokus/Difficulty/0.7/Sudoku93_0.7,12.823091
py-sudokus/Difficulty/0.7/Sudoku94_0.7,5.653694
py-sudokus/Difficulty/0.7/Sudoku95_0.7,13.02589
py-sudokus/Difficulty/0.7/Sudoku96_0.7,0.41623
py-sudokus/Difficulty/0.7/Sudoku97_0.7,1.255093
py-sudokus/Difficulty/0.7/Sudoku98_0.7,2.106362
py-sudokus/Difficulty/0.7/Sudoku99_0.7,3.436494
py-sudokus/Difficulty/0.7/Sudoku9_0.7,0.397299
py-sudokus/Difficulty/0.75/Sudoku100_0.75,0.764382
py-sudokus/Difficulty/0.75/Sudoku10_0.75,4.890315
py-sudokus/Difficulty/0.75/Sudoku11_0.75,1.563137
py-sudokus/Difficulty/0.75/Sudoku12_0.75,2.912825
py-sudokus/Difficulty/0.75/Sudoku13_0.75,1.190641
py-sudokus/Difficulty/0.75/Sudoku14_0.75,1.389696
py-sudokus/Difficulty/0.75/Sudoku15_0.75,3.058651
py-sudokus/Difficulty/0.75/Sudoku16_0.75,4.316423
py-sudokus/Difficulty/0.75/Sudoku17_0.75,1.825395
py-sudokus/Difficulty/0.75/Sudoku18_0.75,0.815455
py-sudokus/Difficulty/0.75/Sudoku19_0.75,0.453885
py-sudokus/Difficulty/0.75/Sudoku1_0.75,0.380334
py-sudokus/Difficulty/0.75/Sudoku20_0.75,3.45415
py-sudokus/Difficulty/0.75/Sudoku21_0.75,0.878573
py-sudokus/Difficulty/0.75/Sudoku22_0.75,13.712368
py-sudokus/Difficulty/0.75/Sudoku23_0.75,1.270576
py-sudokus/Difficulty/0.75/Sudoku24_0.75,0.160859
py-sudokus/Difficulty/0.75/Sudoku25_0.75,12.801212
py-sudokus/Difficulty/0.75/Sudoku26_0.75,597.209502
py-sudokus/Difficulty/0.75/Sudoku27_0.75,0.343533
py-sudokus/Difficulty/0.75/Sudoku28_0.75,0.510454
py-sudokus/Difficulty/0.75/Sudoku29_0.75,3.739838
py-sudokus/Difficulty/0.75/Sudoku2_0.75,2170.016222
py-sudokus/Difficulty/0.75/Sudoku30_0.75,0.450563
py-sudokus/Difficulty/0.75/Sudoku31_0.75,0.706953
py-sudokus/Difficulty/0.75/Sudoku32_0.75,0.956957
py-sudokus/Difficulty/0.75/Sudoku33_0.75,1.596461
py-sudokus/Difficulty/0.75/Sudoku34_0.75,0.231024
py-sudokus/Difficulty/0.75/Sudoku35_0.75,3.497474
py-sudokus/Difficulty/0.75/Sudoku36_0.75,4.102811
py-sudokus/Difficulty/0.75/Sudoku37_0.75,102.979593
py-sudokus/Difficulty/0.75/Sudoku38_0.75,0.950488
py-sudokus/Difficulty/0.75/Sudoku39_0.75,0.330895
py-sudokus/Difficulty/0.75/Sudoku3_0.75,8.623512
py-sudokus/Difficulty/0.75/Sudoku40_0.75,2.744423
py-sudokus/Difficulty/0.75/Sudoku41_0.75,0.359661
py-sudokus/Difficulty/0.75/Sudoku42_0.75,134.700914
py-sudokus/Difficulty/0.75/Sudoku43_0.75,0.368393
py-sudokus/Difficulty/0.75/Sudoku44_0.75,2.092829
py-sudokus/Difficulty/0.75/Sudoku45_0.75,1.052693
py-sudokus/Difficulty/0.75/Sudoku46_0.75,2.565069
py-sudokus/Difficulty/0.75/Sudoku47_0.75,0.274674
py-sudokus/Difficulty/0.75/Sudoku48_0.75,1.131966
py-sudokus/Difficulty/0.75/Sudoku49_0.75,2.105381
py-sudokus/Difficulty/0.75/Sudoku4_0.75,0.162466
py-sudokus/Difficulty/0.75/Sudoku50_0.75,19.546703
py-sudokus/Difficulty/0.75/Sudoku51_0.75,1.108982
py-sudokus/Difficulty/0.75/Sudoku52_0.75,1.6211
py-sudokus/Difficulty/0.75/Sudoku53_0.75,5.185059
py-sudokus/Difficulty/0.75/Sudoku54_0.75,1.08444
py-sudokus/Difficulty/0.75/Sudoku55_0.75,3.47244
py-sudokus/Difficulty/0.75/Sudoku56_0.75,0.787855
py-sudokus/Difficulty/0.75/Sudoku57_0.75,93.814567
py-sudokus/Difficulty/0.75/Sudoku58_0.75,3.988355
py-sudokus/Difficulty/0.75/Sudoku59_0.75,9.108814
py-sudokus/Difficulty/0.75/Sudoku5_0.75,0.89416
py-sudokus/Difficulty/0.75/Sudoku60_0.75,0.202249
py-sudokus/Difficulty/0.75/Sudoku61_0.75,38.552513
py-sudokus/Difficulty/0.75/Sudoku62_0.75,1.125165
py-sudokus/Difficulty/0.75/Sudoku63_0.75,2.084471
py-sudokus/Difficulty/0.75/Sudoku64_0.75,1.378076
py-sudokus/Difficulty/0.75/Sudoku65_0.75,0.402189
py-sudokus/Difficulty/0.75/Sudoku66_0.75,1.920205
py-sudokus/Difficulty/0.75/Sudoku67_0.75,0.661871
py-sudokus/Difficulty/0.75/Sudoku68_0.75,0.425584
py-sudokus/Difficulty/0.75/Sudoku69_0.75,2.051394
py-sudokus/Difficulty/0.75/Sudoku6_0.75,8.762867
py-sudokus/Difficulty/0.75/Sudoku70_0.75,1.1158
py-sudokus/Difficulty/0.75/Sudoku71_0.75,18.076091
py-sudokus/Difficulty/0.75/Sudoku72_0.75,0.215737
py-sudokus/Difficulty/0.75/Sudoku73_0.75,542.566596
py-sudokus/Difficulty/0.75/Sudoku74_0.75,6.462603
py-sudokus/Difficulty/0.75/Sudoku75_0.75,0.782203
py-sudokus/Difficulty/0.75/Sudoku76_0.75,2.752789
py-sudokus/Difficulty/0.75/Sudoku77_0.75,1.939716
py-sudokus/Difficulty/0.75/Sudoku78_0.75,3.776315
py-sudokus/Difficulty/0.75/Sudoku79_0.75,1.249093
py-sudokus/Difficulty/0.75/Sudoku7_0.75,0.985522
py-sudokus/Difficulty/0.75/Sudoku80_0.75,0.464649
py-sudokus/Difficulty/0.75/Sudoku81_0.75,9.489203
py-sudokus/Difficulty/0.75/Sudoku82_0.75,125.771975
py-sudokus/Difficulty/0.75/Sudoku83_0.75,0.392406
py-sudokus/Difficulty/0.75/Sudoku84_0.75,52.355895
py-sudokus/Difficulty/0.75/Sudoku85_0.75,12.766123
py-sudokus/Difficulty/0.75/Sudoku86_0.75,4.068712
py-sudokus/Difficulty/0.75/Sudoku87_0.75,0.862767
py-sudokus/Difficulty/0.75/Sudoku88_0.75,40.951689
py-sudokus/Difficulty/0.75/Sudoku89_0.75,4.608604
py-sudokus/Difficulty/0.75/Sudoku8_0.75,3.797633
py-sudokus/Difficulty/0.75/Sudoku90_0.75,0.570979
py-sudokus/Difficulty/0.75/Sudoku91_0.75,3.554227
py-sudokus/Difficulty/0.75/Sudoku92_0.75,1715.619388
py-sudokus/Difficulty/0.75/Sudoku93_0.75,2.490233
py-sudokus/Difficulty/0.75/Sudoku94_0.75,0.770699
py-sudokus/Difficulty/0.75/Sudoku95_0.75,20.68136
py-sudokus/Difficulty/0.75/Sudoku96_0.75,0.708782
py-sudokus/Difficulty/0.75/Sudoku97_0.75,1.301363
py-sudokus/Difficulty/0.75/Sudoku98_0.75,0.322491
py-sudokus/Difficulty/0.75/Sudoku99_0.75,6.394749
py-sudokus/Difficulty/0.75/Sudoku9_0.75,0.850537
py-sudokus/Difficulty/0.8/Sudoku100_0.8,0.894844
py-sudokus/Difficulty/0.8/Sudoku10_0.8,3.968665
py-sudokus/Difficulty/0.8/Sudoku11_0.8,0.919775
py-sudokus/Difficulty/0.8/Sudoku12_0.8,2.758259
py-sudokus/Difficulty/0.8/Sudoku13_0.8,1.258331
py-sudokus/Difficulty/0.8/Sudoku14_0.8,4.145847
py-sudokus/Difficulty/0.8/Sudoku15_0.8,3.533012
py-sudokus/Difficulty/0.8/Sudoku16_0.8,1.185583
py-sudokus/Difficulty/0.8/Sudoku17_0.8,4.517461
py-sudokus/Difficulty/0.8/Sudoku18_0.8,2.238415
py-sudokus/Difficulty/0.8/Sudoku19_0.8,1.650734
py-sudokus/Difficulty/0.8/Sudoku1_0.8,0.255067
py-sudokus/Difficulty/0.8/Sudoku20_0.8,1.996902
py-sudokus/Difficulty/0.8/Sudoku21_0.8,2.251352
py-sudokus/Difficulty/0.8/Sudoku22_0.8,0.549094
py-sudokus/Difficulty/0.8/Sudoku23_0.8,1.611621
py-sudokus/Difficulty/0.8/Sudoku24_0.8,0.652322
py-sudokus/Difficulty/0.8/Sudoku25_0.8,0.893793
py-sudokus/Difficulty/0.8/Sudoku26_0.8,233.216782
py-sudokus/Difficulty/0.8/Sudoku27_0.8,0.553873
py-sudokus/Difficulty/0.8/Sudoku28_0.8,0.569012
py-sudokus/Difficulty/0.8/Sudoku29_0.8,35.359033
py-sudokus/Difficulty/0.8/Sudoku2_0.8,0.633488
py-sudokus/Difficulty/0.8/Sudoku30_0.8,2.483293
py-sudokus/Difficulty/0.8/Sudoku31_0.8,1.36636
py-sudokus/Difficulty/0.8/Sudoku32_0.8,1.866418
py-sudokus/Difficulty/0.8/Sudoku33_0.8,0.963397
py-sudokus/Difficulty/0.8/Sudoku34_0.8,0.344481
py-sudokus/Difficulty/0.8/Sudoku35_0.8,0.239942
py-sudokus/Difficulty/0.8/Sudoku36_0.8,0.74942
py-sudokus/Difficulty/0.8/Sudoku37_0.8,0.573919
py-sudokus/Difficulty/0.8/Sudoku38_0.8,0.401661
py-sudokus/Difficulty/0.8/Sudoku39_0.8,0.271275
py-sudokus/Difficulty/0.8/Sudoku3_0.8,6.497317
py-sudokus/Difficulty/0.8/Sudoku40_0.8,0.526217
py-sudokus/Difficulty/0.8/Sudoku41_0.8,1.126128
py-sudokus/Difficulty/0.8/Sudoku42_0.8,49.801658
py-sudokus/Difficulty/0.8/Sudoku43_0.8,1.332276
py-sudokus/Difficulty/0.8/Sudoku44_0.8,5.456305
py-sudokus/Difficulty/0.8/Sudoku45_0.8,0.447427
py-sudokus/Difficulty/0.8/Sudoku46_0.8,2.329067
py-sudokus/Difficulty/0.8/Sudoku47_0.8,0.43218
py-sudokus/Difficulty/0.8/Sudoku48_0.8,11.654092
py-sudokus/Difficulty/0.8/Sudoku49_0.8,4.163915
py-sudokus/Difficulty/0.8/Sudoku4_0.8,0.285892
py-sudokus/Difficulty/0.8/Sudoku50_0.8,3.435357
py-sudokus/Difficulty/0.8/Sudoku51_0.8,2.797791
py-sudokus/Difficulty/0.8/Sudoku52_0.8,0.482648
py-sudokus/Difficulty/0.8/Sudoku53_0.8,3.986268
py-sudokus/Difficulty/0.8/Sudoku54_0.8,1.904526
py-sudokus/Difficulty/0.8/Sudoku55_0.8,2.634616
py-sudokus/Difficulty/0.8/Sudoku56_0.8,0.291936
py-sudokus/Difficulty/0.8/Sudoku57_0.8,1490.199872
py-sudokus/Difficulty/0.8/Sudoku58_0.8,3.21037
py-sudokus/Difficulty/0.8/Sudoku59_0.8,14.099594
py-sudokus/Difficulty/0.8/Sudoku5_0.8,20.752367
py-sudokus/Difficulty/0.8/Sudoku60_0.8,0.282218
py-sudokus/Difficulty/0.8/Sudoku61_0.8,989.847037
py-sudokus/Difficulty/0.8/Sudoku62_0.8,3.227045
py-sudokus/Difficulty/0.8/Sudoku63_0.8,0.387599
py-sudokus/Difficulty/0.8/Sudoku64_0.8,0.57875
py-sudokus/Difficulty/0.8/Sudoku65_0.8,0.517139
py-sudokus/Difficulty/0.8/Sudoku66_0.8,1.646292
py-sudokus/Difficulty/0.8/Sudoku67_0.8,5.716711
py-sudokus/Difficulty/0.8/Sudoku68_0.8,4.520778
py-sudokus/Difficulty/0.8/Sudoku69_0.8,8.747205
py-sudokus/Difficulty/0.8/Sudoku6_0.8,70.720575
py-sudokus/Difficulty/0.8/Sudoku70_0.8,3.743239
py-sudokus/Difficulty/0.8/Sudoku71_0.8,6.774128
py-sudokus/Difficulty/0.8/Sudoku72_0.8,0.965469
py-sudokus/Difficulty/0.8/Sudoku73_0.8,2.487806
py-sudokus/Difficulty/0.8/Sudoku74_0.8,3.552682
py-sudokus/Difficulty/0.8/Sudoku75_0.8,0.272324
py-sudokus/Difficulty/0.8/Sudoku76_0.8,0.260304
py-sudokus/Difficulty/0.8/Sudoku77_0.8,4.181537
py-sudokus/Difficulty/0.8/Sudoku78_0.8,347.609095
py-sudokus/Difficulty/0.8/Sudoku79_0.8,0.32567
py-sudokus/Difficulty/0.8/Sudoku7_0.8,1.920964
py-sudokus/Difficulty/0.8/Sudoku80_0.8,1.738719
py-sudokus/Difficulty/0.8/Sudoku81_0.8,9.75377
py-sudokus/Difficulty/0.8/Sudoku82_0.8,0.176403
py-sudokus/Difficulty/0.8/Sudoku83_0.8,0.465536
py-sudokus/Difficulty/0.8/Sudoku84_0.8,303.669857
py-sudokus/Difficulty/0.8/Sudoku85_0.8,6.156032
py-sudokus/Difficulty/0.8/Sudoku86_0.8,3.821081
py-sudokus/Difficulty/0.8/Sudoku87_0.8,1.935294
py-sudokus/Difficulty/0.8/Sudoku88_0.8,460.812919
py-sudokus/Difficulty/0.8/Sudoku89_0.8,0.825383
py-sudokus/Difficulty/0.8/Sudoku8_0.8,10.26426
py-sudokus/Difficulty/0.8/Sudoku90_0.8,0.296766
py-sudokus/Difficulty/0.8/Sudoku91_0.8,0.502012
py-sudokus/Difficulty/0.8/Sudoku92_0.8,24.780528
py-sudokus/Difficulty/0.8/Sudoku93_0.8,9.093006
py-sudokus/Difficulty/0.8/Sudoku94_0.8,1.279988
py-sudokus/Difficulty/0.8/Sudoku95_0.8,1.008797
py-sudokus/Difficulty/0.8/Sudoku96_0.8,1.281984
py-sudokus/Difficulty/0.8/Sudoku97_0.8,0.349368
py-sudokus/Difficulty/0.8/Sudoku98_0.8,4.557884
py-sudokus/Difficulty/0.8/Sudoku99_0.8,11.563295
py-sudokus/Difficulty/0.8/Sudoku9_0.8,0.892775
py-sudokus/Difficulty/0.85/Sudoku100_0.85,0.327055
py-sudokus/Difficulty/0.85/Sudoku10_0.85,0.464588
py-sudokus/Difficulty/0.85/Sudoku11_0.85,0.324943
py-sudokus/Difficulty/0.85/Sudoku12_0.85,0.577291
py-sudokus/Difficulty/0.85/Sudoku13_0.85,0.663292
py-sudokus/Difficulty/0.85/Sudoku14_0.85,2.41876
py-sudokus/Difficulty/0.85/Sudoku15_0.85,1.178875
py-sudokus/Difficulty/0.85/Sudoku16_0.85,0.705849
py-sudokus/Difficulty/0.85/Sudoku17_0.85,7.553888
py-sudokus/Difficulty/0.85/Sudoku18_0.85,1.29015
py-sudokus/Difficulty/0.85/Sudoku19_0.85,0.720973
py-sudokus/Difficulty/0.85/Sudoku1_0.85,2.337655
py-sudokus/Difficulty/0.85/Sudoku20_0.85,9.294933
py-sudokus/Difficulty/0.85/Sudoku21_0.85,0.358703
py-sudokus/Difficulty/0.85/Sudoku22_0.85,1.306149
py-sudokus/Difficulty/0.85/Sudoku23_0.85,2.468075
py-sudokus/Difficulty/0.85/Sudoku24_0.85,0.418495
py-sudokus/Difficulty/0.85/Sudoku25_0.85,1.283831
py-sudokus/Difficulty/0.85/Sudoku26_0.85,1.47328
py-sudokus/Difficulty/0.85/Sudoku27_0.85,1.107866
py-sudokus/Difficulty/0.85/Sudoku28_0.85,0.726895
py-sudokus/Difficulty/0.85/Sudoku29_0.85,16.741414
py-sudokus/Difficulty/0.85/Sudoku2_0.85,2.581975
py-sudokus/Difficulty/0.85/Sudoku30_0.85,0.313556
py-sudokus/Difficulty/0.85/Sudoku31_0.85,0.979009
py-sudokus/Difficulty/0.85/Sudoku32_0.85,0.470734
py-sudokus/Difficulty/0.85/Sudoku33_0.85,0.498617
py-sudokus/Difficulty/0.85/Sudoku34_0.85,0.687279
py-sudokus/Difficulty/0.85/Sudoku35_0.85,4.501599
py-sudokus/Difficulty/0.85/Sudoku36_0.85,0.742119
py-sudokus/Difficulty/0.85/Sudoku37_0.85,0.828713
py-sudokus/Difficulty/0.85/Sudoku38_0.85,0.43685
py-sudokus/Difficulty/0.85/Sudoku39_0.85,0.231146
py-sudokus/Difficulty/0.85/Sudoku3_0.85,0.922581
py-sudokus/Difficulty/0.85/Sudoku40_0.85,0.325675
py-sudokus/Difficulty/0.85/Sudoku41_0.85,0.698249
py-sudokus/Difficulty/0.85/Sudoku42_0.85,4.174414
py-sudokus/Difficulty/0.85/Sudoku43_0.85,1.717351
py-sudokus/Difficulty/0.85/Sudoku44_0.85,4.047745
py-sudokus/Difficulty/0.85/Sudoku45_0.85,0.383836
py-sudokus/Difficulty/0.85/Sudoku46_0.85,20.754849
py-sudokus/Difficulty/0.85/Sudoku47_0.85,1.495323
py-sudokus/Difficulty/0.85/Sudoku48_0.85,1.571972
py-sudokus/Difficulty/0.85/Sudoku49_0.85,0.61818
py-sudokus/Difficulty/0.85/Sudoku4_0.85,0.307813
py-sudokus/Difficulty/0.85/Sudoku50_0.85,2.229983
py-sudokus/Difficulty/0.85/Sudoku51_0.85,0.720161
py-sudokus/Difficulty/0.85/Sudoku52_0.85,0.588817
py-sudokus/Difficulty/0.85/Sudoku53_0.85,1.07779
py-sudokus/Difficulty/0.85/Sudoku54_0.85,1.762131
py-sudokus/Difficulty/0.85/Sudoku55_0.85,3.105513
py-sudokus/Difficulty/0.85/Sudoku56_0.85,0.227666
py-sudokus/Difficulty/0.85/Sudoku57_0.85,2.975779
py-sudokus/Difficulty/0.85/Sudoku58_0.85,1.672542
py-sudokus/Difficulty/0.85/Sudoku59_0.85,0.790506
py-sudokus/Difficulty/0.85/Sudoku5_0.85,0.41253
py-sudokus/Difficulty/0.85/Sudoku60_0.85,0.697404
py-sudokus/Difficulty/0.85/Sudoku61_0.85,0.937124
py-sudokus/Difficulty/0.85/Sudoku62_0.85,1.825648
py-sudokus/Difficulty/0.85/Sudoku63_0.85,0.426554
py-sudokus/Difficulty/0.85/Sudoku64_0.85,4.875949
py-sudokus/Difficulty/0.85/Sudoku65_0.85,0.519536
py-sudokus/Difficulty/0.85/Sudoku66_0.85,3.066807
py-sudokus/Difficulty/0.85/Sudoku67_0.85,7.826059
py-sudokus/Difficulty/0.85/Sudoku68_0.85,1.094284
py-sudokus/Difficulty/0.85/Sudoku69_0.85,3.904205
py-sudokus/Difficulty/0.85/Sudoku6_0.85,0.68945
py-sudokus/Difficulty/0.85/Sudoku70_0.85,1.668939
py-sudokus/Difficulty/0.85/Sudoku71_0.85,4.014402
py-sudokus/Difficulty/0.85/Sudoku72_0.85,1.332291
py-sudokus/Difficulty/0.85/Sudoku73_0.85,3.734032
py-sudokus/Difficulty/0.85/Sudoku74_0.85,0.426103
py-sudokus/Difficulty/0.85/Sudoku75_0.85,0.278173
py-sudokus/Difficulty/0.85/Sudoku76_0.85,0.971952
py-sudokus/Difficulty/0.85/Sudoku77_0.85,2.457993
py-sudokus/Difficulty/0.85/Sudoku78_0.85,1.555414
py-sudokus/Difficulty/0.85/Sudoku79_0.85,0.394925
py-sudokus/Difficulty/0.85/Sudoku7_0.85,1.339523
py-sudokus/Difficulty/0.85/Sudoku80_0.85,1.099802
py-sudokus/Difficulty/0.85/Sudoku81_0.85,0.279094
py-sudokus/Difficulty/0.85/Sudoku82_0.85,0.202197
py-sudokus/Difficulty/0.85/Sudoku83_0.85,0.673071
py-sudokus/Difficulty/0.85/Sudoku84_0.85,2.683682
py-sudokus/Difficulty/0.85/Sudoku85_0.85,0.356329
py-sudokus/Difficulty/0.85/Sudoku86_0.85,0.682772
py-sudokus/Difficulty/0.85/Sudoku87_0.85,0.635622
py-sudokus/Difficulty/0.85/Sudoku88_0.85,9.851587
py-sudokus/Difficulty/0.85/Sudoku89_0.85,0.248655
py-sudokus/Difficulty/0.85/Sudoku8_0.85,2.588034
py-sudokus/Difficulty/0.85/Sudoku90_0.85,0.311929
py-sudokus/Difficulty/0.85/Sudoku91_0.85,4.718537
py-sudokus/Difficulty/0.85/Sudoku93_0.85,0.518721
py-sudokus/Difficulty/0.85/Sudoku94_0.85,184.268778
py-sudokus/Difficulty/0.85/Sudoku95_0.85,6.295316
py-sudokus/Difficulty/0.85/Sudoku96_0.85,0.39399
py-sudokus/Difficulty/0.85/Sudoku97_0.85,0.591382
py-sudokus/Difficulty/0.85/Sudoku98_0.85,6.648624
py-sudokus/Difficulty/0.85/Sudoku99_0.85,0.69273
py-sudokus/Difficulty/0.85/Sudoku9_0.85,0.78807
py-sudokus/Difficulty/0.9/Sudoku100_0.9,0.365841
py-sudokus/Difficulty/0.9/Sudoku10_0.9,0.682271
py-sudokus/Difficulty/0.9/Sudoku11_0.9,0.683417
py-sudokus/Difficulty/0.9/Sudoku12_0.9,2.671856
py-sudokus/Difficulty/0.9/Sudoku13_0.9,1.133874
py-sudokus/Difficulty/0.9/Sudoku14_0.9,0.425323
py-sudokus/Difficulty/0.9/Sudoku15_0.9,0.366735
py-sudokus/Difficulty/0.9/Sudoku16_0.9,0.599757
py-sudokus/Difficulty/0.9/Sudoku17_0.9,0.534049
py-sudokus/Difficulty/0.9/Sudoku18_0.9,4.408155
py-sudokus/Difficulty/0.9/Sudoku19_0.9,0.337604
py-sudokus/Difficulty/0.9/Sudoku1_0.9,0.92851
py-sudokus/Difficulty/0.9/Sudoku20_0.9,0.59631
py-sudokus/Difficulty/0.9/Sudoku21_0.9,0.54966
py-sudokus/Difficulty/0.9/Sudoku22_0.9,0.501294
py-sudokus/Difficulty/0.9/Sudoku23_0.9,0.354894
py-sudokus/Difficulty/0.9/Sudoku24_0.9,0.370544
py-sudokus/Difficulty/0.9/Sudoku25_0.9,5.699474
py-sudokus/Difficulty/0.9/Sudoku26_0.9,1.1309
py-sudokus/Difficulty/0.9/Sudoku27_0.9,0.623449
py-sudokus/Difficulty/0.9/Sudoku28_0.9,1.198703
py-sudokus/Difficulty/0.9/Sudoku29_0.9,0.352199
py-sudokus/Difficulty/0.9/Sudoku2_0.9,5.88451
py-sudokus/Difficulty/0.9/Sudoku30_0.9,0.251088
py-sudokus/Difficulty/0.9/Sudoku31_0.9,0.833194
py-sudokus/Difficulty/0.9/Sudoku32_0.9,0.989657
py-sudokus/Difficulty/0.9/Sudoku33_0.9,0.717538
py-sudokus/Difficulty/0.9/Sudoku34_0.9,0.398208
py-sudokus/Difficulty/0.9/Sudoku35_0.9,0.795147
py-sudokus/Difficulty/0.9/Sudoku36_0.9,1.394334
py-sudokus/Difficulty/0.9/Sudoku37_0.9,0.458442
py-sudokus/Difficulty/0.9/Sudoku38_0.9,0.648625
py-sudokus/Difficulty/0.9/Sudoku39_0.9,0.298111
py-sudokus/Difficulty/0.9/Sudoku3_0.9,5.270425
py-sudokus/Difficulty/0.9/Sudoku40_0.9,0.869804
py-sudokus/Difficulty/0.9/Sudoku41_0.9,0.537071
py-sudokus/Difficulty/0.9/Sudoku42_0.9,1.766598
py-sudokus/Difficulty/0.9/Sudoku43_0.9,1.50431
py-sudokus/Difficulty/0.9/Sudoku44_0.9,0.831771
py-sudokus/Difficulty/0.9/Sudoku45_0.9,0.616462
py-sudokus/Difficulty/0.9/Sudoku46_0.9,0.674897
py-sudokus/Difficulty/0.9/Sudoku47_0.9,0.396931
py-sudokus/Difficulty/0.9/Sudoku48_0.9,0.527438
py-sudokus/Difficulty/0.9/Sudoku49_0.9,0.287329
py-sudokus/Difficulty/0.9/Sudoku4_0.9,0.696263
py-sudokus/Difficulty/0.9/Sudoku50_0.9,0.794207
py-sudokus/Difficulty/0.9/Sudoku51_0.9,1.185008
py-sudokus/Difficulty/0.9/Sudoku52_0.9,0.284712
py-sudokus/Difficulty/0.9/Sudoku53_0.9,0.857355
py-sudokus/Difficulty/0.9/Sudoku54_0.9,3.291914
py-sudokus/Difficulty/0.9/Sudoku55_0.9,0.2931
py-sudokus/Difficulty/0.9/Sudoku56_0.9,0.499725
py-sudokus/Difficulty/0.9/Sudoku57_0.9,1.10694
py-sudokus/Difficulty/0.9/Sudoku58_0.9,3.347479
py-sudokus/Difficulty/0.9/Sudoku59_0.9,0.647123
py-sudokus/Difficulty/0.9/Sudoku5_0.9,0.476593
py-sudokus/Difficulty/0.9/Sudoku60_0.9,0.759577
py-sudokus/Difficulty/0.9/Sudoku61_0.9,3.224775
py-sudokus/Difficulty/0.9/Sudoku62_0.9,2.358522
py-sudokus/Difficulty/0.9/Sudoku63_0.9,0.38333
py-sudokus/Difficulty/0.9/Sudoku64_0.9,0.330434
py-sudokus/Difficulty/0.9/Sudoku65_0.9,1.647503
py-sudokus/Difficulty/0.9/Sudoku66_0.9,0.859733
py-sudokus/Difficulty/0.9/Sudoku67_0.9,0.631298
py-sudokus/Difficulty/0.9/Sudoku68_0.9,0.228503
py-sudokus/Difficulty/0.9/Sudoku69_0.9,8.723384
py-sudokus/Difficulty/0.9/Sudoku6_0.9,1.324136
py-sudokus/Difficulty/0.9/Sudoku70_0.9,1.10322
py-sudokus/Difficulty/0.9/Sudoku71_0.9,0.467922
py-sudokus/Difficulty/0.9/Sudoku72_0.9,0.691811
py-sudokus/Difficulty/0.9/Sudoku73_0.9,0.828104
py-sudokus/Difficulty/0.9/Sudoku74_0.9,0.386036
py-sudokus/Difficulty/0.9/Sudoku75_0.9,0.442101
py-sudokus/Difficulty/0.9/Sudoku76_0.9,0.433532
py-sudokus/Difficulty/0.9/Sudoku77_0.9,0.460712
py-sudokus/Difficulty/0.9/Sudoku78_0.9,1.735904
py-sudokus/Difficulty/0.9/Sudoku79_0.9,0.700533
py-sudokus/Difficulty/0.9/Sudoku7_0.9,0.52095
py-sudokus/Difficulty/0.9/Sudoku80_0.9,0.521281
py-sudokus/Difficulty/0.9/Sudoku81_0.9,0.610521
py-sudokus/Difficulty/0.9/Sudoku82_0.9,0.765536
py-sudokus/Difficulty/0.9/Sudoku83_0.9,0.87373
py-sudokus/Difficulty/0.9/Sudoku84_0.9,9.611713
py-sudokus/Difficulty/0.9/Sudoku85_0.9,5.198852
py-sudokus/Difficulty/0.9/Sudoku86_0.9,2.027096
py-sudokus/Difficulty/0.9/Sudoku87_0.9,0.862668
py-sudokus/Difficulty/0.9/Sudoku88_0.9,3.015009
py-sudokus/Difficulty/0.9/Sudoku89_0.9,0.88612
py-sudokus/Difficulty/0.9/Sudoku8_0.9,1.95809
py-sudokus/Difficulty/0.9/Sudoku90_0.9,0.875085
py-sudokus/Difficulty/0.9/Sudoku91_0.9,0.354275
py-sudokus/Difficulty/0.9/Sudoku92_0.9,1.884644
py-sudokus/Difficulty/0.9/Sudoku93_0.9,0.676278
py-sudokus/Difficulty/0.9/Sudoku94_0.9,0.351534
py-sudokus/Difficulty/0.9/Sudoku95_0.9,0.878296
py-sudokus/Difficulty/0.9/Sudoku96_0.9,1.022383
py-sudokus/Difficulty/0.9/Sudoku97_0.9,0.499874
py-sudokus/Difficulty/0.9/Sudoku98_0.9,2.451341
py-sudokus/Difficulty/0.9/Sudoku99_0.9,1.690509
py-sudokus/Difficulty/0.9/Sudoku9_0.9,1.084072
py-sudokus/Difficulty/0.95/Sudoku100_0.95,0.406125
py-sudokus/Difficulty/0.95/Sudoku10_0.95,0.482195
py-sudokus/Difficulty/0.95/Sudoku11_0.95,1.076887
py-sudokus/Difficulty/0.95/Sudoku12_0.95,0.984651
py-sudokus/Difficulty/0.95/Sudoku13_0.95,0.389226
py-sudokus/Difficulty/0.95/Sudoku14_0.95,0.363646
py-sudokus/Difficulty/0.95/Sudoku15_0.95,0.460314
py-sudokus/Difficulty/0.95/Sudoku16_0.95,0.965318
py-sudokus/Difficulty/0.95/Sudoku17_0.95,0.741338
py-sudokus/Difficulty/0.95/Sudoku18_0.95,1.876426
py-sudokus/Difficulty/0.95/Sudoku19_0.95,0.684845
py-sudokus/Difficulty/0.95/Sudoku1_0.95,0.899554
py-sudokus/Difficulty/0.95/Sudoku20_0.95,1.000965
py-sudokus/Difficulty/0.95/Sudoku21_0.95,1.412088
py-sudokus/Difficulty/0.95/Sudoku22_0.95,0.311615
py-sudokus/Difficulty/0.95/Sudoku23_0.95,1.446969
py-sudokus/Difficulty/0.95/Sudoku24_0.95,0.934088
py-sudokus/Difficulty/0.95/Sudoku25_0.95,1.373927
py-sudokus/Difficulty/0.95/Sudoku26_0.95,0.481291
py-sudokus/Difficulty/0.95/Sudoku27_0.95,0.350687
py-sudokus/Difficulty/0.95/Sudoku28_0.95,0.9935
py-sudokus/Difficulty/0.95/Sudoku29_0.95,0.624794
py-sudokus/Difficulty/0.95/Sudoku2_0.95,0.617006
py-sudokus/Difficulty/0.95/Sudoku30_0.95,0.252182
py-sudokus/Difficulty/0.95/Sudoku31_0.95,0.360565
py-sudokus/Difficulty/0.95/Sudoku32_0.95,0.793027
py-sudokus/Difficulty/0.95/Sudoku33_0.95,0.752033
py-sudokus/Difficulty/0.95/Sudoku34_0.95,0.497277
py-sudokus/Difficulty/0.95/Sudoku35_0.95,0.294972
py-sudokus/Difficulty/0.95/Sudoku36_0.95,0.925442
py-sudokus/Difficulty/0.95/Sudoku37_0.95,0.886217
py-sudokus/Difficulty/0.95/Sudoku38_0.95,0.817296
py-sudokus/Difficulty/0.95/Sudoku39_0.95,0.336235
py-sudokus/Difficulty/0.95/Sudoku3_0.95,2.374018
py-sudokus/Difficulty/0.95/Sudoku40_0.95,0.667637
py-sudokus/Difficulty/0.95/Sudoku41_0.95,0.920015
py-sudokus/Difficulty/0.95/Sudoku42_0.95,1.549139
py-sudokus/Difficulty/0.95/Sudoku43_0.95,0.766432
py-sudokus/Difficulty/0.95/Sudoku44_0.95,0.377985
py-sudokus/Difficulty/0.95/Sudoku45_0.95,0.7637
py-sudokus/Difficulty/0.95/Sudoku46_0.95,0.534554
py-sudokus/Difficulty/0.95/Sudoku47_0.95,0.827476
py-sudokus/Difficulty/0.95/Sudoku48_0.95,0.362443
py-sudokus/Difficulty/0.95/Sudoku49_0.95,0.488765
py-sudokus/Difficulty/0.95/Sudoku4_0.95,1.061283
py-sudokus/Difficulty/0.95/Sudoku50_0.95,0.56063
py-sudokus/Difficulty/0.95/Sudoku51_0.95,1.199913
py-sudokus/Difficulty/0.95/Sudoku52_0.95,0.501637
py-sudokus/Difficulty/0.95/Sudoku53_0.95,0.382503
py-sudokus/Difficulty/0.95/Sudoku54_0.95,0.777551
py-sudokus/Difficulty/0.95/Sudoku55_0.95,0.508001
py-sudokus/Difficulty/0.95/Sudoku56_0.95,0.800786
py-sudokus/Difficulty/0.95/Sudoku57_0.95,0.81476
py-sudokus/Difficulty/0.95/Sudoku58_0.95,0.963644
py-sudokus/Difficulty/0.95/Sudoku59_0.95,1.403807
py-sudokus/Difficulty/0.95/Sudoku5_0.95,0.449213
py-sudokus/Difficulty/0.95/Sudoku60_0.95,0.440623
py-sudokus/Difficulty/0.95/Sudoku61_0.95,2.688509
py-sudokus/Difficulty/0.95/Sudoku62_0.95,1.555498
py-sudokus/Difficulty/0.95/Sudoku63_0.95,1.287892
py-sudokus/Difficulty/0.95/Sudoku64_0.95,0.723901
py-sudokus/Difficulty/0.95/Sudoku65_0.95,1.114586
py-sudokus/Difficulty/0.95/Sudoku66_0.95,2.597471
py-sudokus/Difficulty/0.95/Sudoku67_0.95,0.838092
py-sudokus/Difficulty/0.95/Sudoku68_0.95,0.584154
py-sudokus/Difficulty/0.95/Sudoku69_0.95,0.768868
py-sudokus/Difficulty/0.95/Sudoku6_0.95,1.26409
py-sudokus/Difficulty/0.95/Sudoku70_0.95,1.107569
py-sudokus/Difficulty/0.95/Sudoku71_0.95,0.992663
py-sudokus/Difficulty/0.95/Sudoku72_0.95,0.497156
py-sudokus/Difficulty/0.95/Sudoku73_0.95,0.7438
py-sudokus/Difficulty/0.95/Sudoku74_0.95,0.248608
py-sudokus/Difficulty/0.95/Sudoku75_0.95,0.462819
py-sudokus/Difficulty/0.95/Sudoku76_0.95,0.451277
py-sudokus/Difficulty/0.95/Sudoku77_0.95,1.898039
py-sudokus/Difficulty/0.95/Sudoku78_0.95,1.650634
py-sudokus/Difficulty/0.95/Sudoku79_0.95,0.91682
py-sudokus/Difficulty/0.95/Sudoku7_0.95,0.774281
py-sudokus/Difficulty/0.95/Sudoku80_0.95,0.976449
py-sudokus/Difficulty/0.95/Sudoku81_0.95,0.685828
py-sudokus/Difficulty/0.95/Sudoku82_0.95,0.434892
py-sudokus/Difficulty/0.95/Sudoku83_0.95,0.683689
py-sudokus/Difficulty/0.95/Sudoku84_0.95,4.219335
py-sudokus/Difficulty/0.95/Sudoku85_0.95,2.911778
py-sudokus/Difficulty/0.95/Sudoku86_0.95,0.356273
py-sudokus/Difficulty/0.95/Sudoku87_0.95,0.742009
py-sudokus/Difficulty/0.95/Sudoku88_0.95,3.651311
py-sudokus/Difficulty/0.95/Sudoku89_0.95,1.892779
py-sudokus/Difficulty/0.95/Sudoku8_0.95,0.433806
py-sudokus/Difficulty/0.95/Sudoku90_0.95,1.208947
py-sudokus/Difficulty/0.95/Sudoku91_0.95,1.032905
py-sudokus/Difficulty/0.95/Sudoku92_0.95,0.969143
py-sudokus/Difficulty/0.95/Sudoku93_0.95,0.573182
py-sudokus/Difficulty/0.95/Sudoku94_0.95,0.870664
py-sudokus/Difficulty/0.95/Sudoku95_0.95,2.142092
py-sudokus/Difficulty/0.95/Sudoku96_0.95,0.485836
py-sudokus/Difficulty/0.95/Sudoku97_0.95,0.326928
py-sudokus/Difficulty/0.95/Sudoku98_0.95,1.409264
py-sudokus/Difficulty/0.95/Sudoku99_0.95,1.654575
py-sudokus/Difficulty/0.95/Sudoku9_0.95,1.019132
